-- phpMyAdmin SQL Dump
-- version 4.9.1
-- https://www.phpmyadmin.net/
--
-- Servidor: localhost:3306
-- Tiempo de generaci칩n: 14-12-2019 a las 13:17:14
-- Versi칩n del servidor: 5.7.24
-- Versi칩n de PHP: 7.2.19

SET SQL_MODE = "NO_AUTO_VALUE_ON_ZERO";
SET AUTOCOMMIT = 0;
START TRANSACTION;
SET time_zone = "+00:00";


/*!40101 SET @OLD_CHARACTER_SET_CLIENT=@@CHARACTER_SET_CLIENT */;
/*!40101 SET @OLD_CHARACTER_SET_RESULTS=@@CHARACTER_SET_RESULTS */;
/*!40101 SET @OLD_COLLATION_CONNECTION=@@COLLATION_CONNECTION */;
/*!40101 SET NAMES utf8mb4 */;

--
-- Base de datos: `help_cert`
--

-- --------------------------------------------------------

--
-- Estructura de tabla para la tabla `certificates`
--

CREATE TABLE `certificates` (
  `id` int(10) UNSIGNED NOT NULL,
  `user_id` int(10) UNSIGNED NOT NULL,
  `institution_id` int(10) UNSIGNED NOT NULL,
  `generation_date` datetime NOT NULL,
  `created_at` timestamp NULL DEFAULT NULL,
  `updated_at` timestamp NULL DEFAULT NULL
) ENGINE=InnoDB DEFAULT CHARSET=utf8mb4 COLLATE=utf8mb4_unicode_ci;

--
-- Volcado de datos para la tabla `certificates`
--

INSERT INTO `certificates` (`id`, `user_id`, `institution_id`, `generation_date`, `created_at`, `updated_at`) VALUES
(1, 29, 12, '1979-08-21 23:09:02', '2019-12-14 17:52:35', '2019-12-14 17:52:35'),
(2, 31, 11, '1990-08-15 00:11:04', '2019-12-14 17:52:35', '2019-12-14 17:52:35'),
(3, 36, 8, '1982-05-04 12:48:35', '2019-12-14 17:52:35', '2019-12-14 17:52:35'),
(4, 32, 1, '2014-07-17 12:28:47', '2019-12-14 17:52:35', '2019-12-14 17:52:35'),
(5, 37, 9, '2018-05-31 20:43:45', '2019-12-14 17:52:35', '2019-12-14 17:52:35'),
(6, 38, 3, '1999-06-28 15:38:19', '2019-12-14 17:52:35', '2019-12-14 17:52:35'),
(7, 34, 11, '1972-01-26 02:52:09', '2019-12-14 17:52:35', '2019-12-14 17:52:35'),
(8, 44, 7, '1979-05-08 22:12:37', '2019-12-14 17:52:35', '2019-12-14 17:52:35'),
(9, 45, 14, '2003-06-09 08:52:15', '2019-12-14 17:52:35', '2019-12-14 17:52:35'),
(10, 3, 10, '1987-11-12 14:54:53', '2019-12-14 17:52:35', '2019-12-14 17:52:35'),
(11, 47, 11, '2006-01-25 11:31:24', '2019-12-14 17:52:35', '2019-12-14 17:52:35'),
(12, 27, 4, '2000-10-10 15:23:01', '2019-12-14 17:52:35', '2019-12-14 17:52:35'),
(13, 20, 12, '1995-05-26 08:36:48', '2019-12-14 17:52:35', '2019-12-14 17:52:35'),
(14, 38, 10, '2014-01-15 17:30:28', '2019-12-14 17:52:36', '2019-12-14 17:52:36'),
(15, 15, 11, '1996-09-24 09:14:52', '2019-12-14 17:52:36', '2019-12-14 17:52:36'),
(16, 5, 6, '1997-12-03 21:54:05', '2019-12-14 17:52:36', '2019-12-14 17:52:36'),
(17, 44, 3, '1999-04-30 10:17:40', '2019-12-14 17:52:36', '2019-12-14 17:52:36'),
(18, 35, 8, '2000-09-12 14:40:44', '2019-12-14 17:52:36', '2019-12-14 17:52:36'),
(19, 47, 4, '1992-11-03 00:03:41', '2019-12-14 17:52:36', '2019-12-14 17:52:36'),
(20, 33, 10, '1973-12-10 04:10:53', '2019-12-14 17:52:36', '2019-12-14 17:52:36'),
(21, 37, 1, '2010-11-13 11:41:45', '2019-12-14 17:52:36', '2019-12-14 17:52:36'),
(22, 4, 1, '1975-02-03 02:08:04', '2019-12-14 17:52:36', '2019-12-14 17:52:36'),
(23, 46, 3, '1984-07-22 06:38:17', '2019-12-14 17:52:36', '2019-12-14 17:52:36'),
(24, 30, 3, '2003-05-28 08:39:52', '2019-12-14 17:52:36', '2019-12-14 17:52:36'),
(25, 23, 13, '1971-09-02 17:53:08', '2019-12-14 17:52:36', '2019-12-14 17:52:36'),
(26, 37, 2, '1995-03-21 17:54:49', '2019-12-14 17:52:36', '2019-12-14 17:52:36'),
(27, 6, 9, '1996-01-26 11:32:27', '2019-12-14 17:52:36', '2019-12-14 17:52:36'),
(28, 44, 7, '2015-10-07 22:21:01', '2019-12-14 17:52:36', '2019-12-14 17:52:36'),
(29, 7, 2, '2012-05-26 18:52:44', '2019-12-14 17:52:36', '2019-12-14 17:52:36'),
(30, 17, 1, '1989-04-17 23:07:46', '2019-12-14 17:52:36', '2019-12-14 17:52:36'),
(31, 34, 5, '1978-12-30 13:23:47', '2019-12-14 17:52:36', '2019-12-14 17:52:36'),
(32, 44, 10, '1990-09-28 00:37:12', '2019-12-14 17:52:36', '2019-12-14 17:52:36'),
(33, 20, 5, '1978-05-21 20:00:17', '2019-12-14 17:52:36', '2019-12-14 17:52:36'),
(34, 28, 12, '1997-10-19 19:59:26', '2019-12-14 17:52:36', '2019-12-14 17:52:36'),
(35, 6, 4, '1978-06-20 10:02:59', '2019-12-14 17:52:36', '2019-12-14 17:52:36'),
(36, 1, 1, '1975-04-30 02:37:51', '2019-12-14 17:52:36', '2019-12-14 17:52:36'),
(37, 36, 11, '1979-03-26 03:30:48', '2019-12-14 17:52:37', '2019-12-14 17:52:37'),
(38, 22, 4, '2006-02-26 22:47:48', '2019-12-14 17:52:37', '2019-12-14 17:52:37'),
(39, 39, 6, '1981-08-10 07:37:16', '2019-12-14 17:52:37', '2019-12-14 17:52:37'),
(40, 48, 10, '2000-04-09 19:40:19', '2019-12-14 17:52:37', '2019-12-14 17:52:37'),
(41, 39, 6, '2010-01-21 09:22:12', '2019-12-14 17:52:37', '2019-12-14 17:52:37'),
(42, 35, 11, '1985-08-13 18:13:54', '2019-12-14 17:52:37', '2019-12-14 17:52:37'),
(43, 31, 14, '1977-07-05 19:23:32', '2019-12-14 17:52:37', '2019-12-14 17:52:37'),
(44, 32, 4, '2001-01-23 05:09:50', '2019-12-14 17:52:37', '2019-12-14 17:52:37'),
(45, 47, 6, '2005-07-23 14:42:22', '2019-12-14 17:52:37', '2019-12-14 17:52:37'),
(46, 14, 10, '2019-10-23 02:59:29', '2019-12-14 17:52:37', '2019-12-14 17:52:37'),
(47, 21, 13, '1991-12-15 20:40:36', '2019-12-14 17:52:37', '2019-12-14 17:52:37'),
(48, 30, 14, '2008-02-29 06:26:12', '2019-12-14 17:52:37', '2019-12-14 17:52:37'),
(49, 18, 5, '1978-04-27 10:53:38', '2019-12-14 17:52:37', '2019-12-14 17:52:37'),
(50, 31, 14, '2015-10-30 15:13:16', '2019-12-14 17:52:37', '2019-12-14 17:52:37'),
(51, 12, 13, '1972-10-05 03:43:43', '2019-12-14 17:52:37', '2019-12-14 17:52:37'),
(52, 38, 5, '1971-07-31 07:24:08', '2019-12-14 17:52:37', '2019-12-14 17:52:37'),
(53, 48, 12, '2005-07-01 17:56:21', '2019-12-14 17:52:37', '2019-12-14 17:52:37'),
(54, 47, 7, '2010-11-17 01:13:23', '2019-12-14 17:52:37', '2019-12-14 17:52:37'),
(55, 31, 2, '1994-03-31 22:09:21', '2019-12-14 17:52:37', '2019-12-14 17:52:37'),
(56, 42, 6, '2010-08-05 01:52:55', '2019-12-14 17:52:37', '2019-12-14 17:52:37'),
(57, 5, 12, '2004-04-02 01:09:20', '2019-12-14 17:52:37', '2019-12-14 17:52:37'),
(58, 12, 13, '2019-05-15 07:35:01', '2019-12-14 17:52:37', '2019-12-14 17:52:37'),
(59, 46, 7, '1976-02-01 11:02:48', '2019-12-14 17:52:37', '2019-12-14 17:52:37'),
(60, 30, 4, '1995-12-31 22:30:31', '2019-12-14 17:52:37', '2019-12-14 17:52:37'),
(61, 26, 5, '2013-12-02 15:18:07', '2019-12-14 17:52:37', '2019-12-14 17:52:37'),
(62, 14, 5, '1998-06-27 10:53:44', '2019-12-14 17:52:37', '2019-12-14 17:52:37'),
(63, 25, 6, '2006-01-09 20:12:08', '2019-12-14 17:52:37', '2019-12-14 17:52:37'),
(64, 1, 10, '1977-12-14 05:03:38', '2019-12-14 17:52:37', '2019-12-14 17:52:37'),
(65, 25, 7, '2007-10-21 17:24:03', '2019-12-14 17:52:37', '2019-12-14 17:52:37'),
(66, 40, 3, '2010-10-16 18:35:13', '2019-12-14 17:52:37', '2019-12-14 17:52:37'),
(67, 2, 10, '1988-09-19 07:13:05', '2019-12-14 17:52:37', '2019-12-14 17:52:37'),
(68, 14, 11, '1979-12-26 01:51:07', '2019-12-14 17:52:37', '2019-12-14 17:52:37'),
(69, 14, 6, '2010-11-30 23:33:35', '2019-12-14 17:52:37', '2019-12-14 17:52:37'),
(70, 29, 7, '2012-08-14 08:51:01', '2019-12-14 17:52:37', '2019-12-14 17:52:37'),
(71, 14, 12, '1986-06-14 22:28:22', '2019-12-14 17:52:37', '2019-12-14 17:52:37'),
(72, 15, 12, '1973-02-01 17:01:00', '2019-12-14 17:52:37', '2019-12-14 17:52:37'),
(73, 50, 12, '1978-11-22 18:23:14', '2019-12-14 17:52:37', '2019-12-14 17:52:37'),
(74, 39, 12, '1975-03-28 06:12:00', '2019-12-14 17:52:37', '2019-12-14 17:52:37'),
(75, 47, 7, '1970-09-02 01:24:32', '2019-12-14 17:52:37', '2019-12-14 17:52:37'),
(76, 8, 2, '2011-11-18 12:39:18', '2019-12-14 17:52:37', '2019-12-14 17:52:37'),
(77, 19, 3, '2008-01-08 17:21:33', '2019-12-14 17:52:38', '2019-12-14 17:52:38'),
(78, 14, 7, '2007-02-07 23:53:58', '2019-12-14 17:52:38', '2019-12-14 17:52:38'),
(79, 50, 6, '1989-07-29 04:34:23', '2019-12-14 17:52:38', '2019-12-14 17:52:38'),
(80, 30, 3, '2000-01-08 18:03:33', '2019-12-14 17:52:38', '2019-12-14 17:52:38'),
(81, 12, 13, '1976-10-13 10:30:47', '2019-12-14 17:52:38', '2019-12-14 17:52:38'),
(82, 27, 8, '1977-01-24 15:23:31', '2019-12-14 17:52:38', '2019-12-14 17:52:38'),
(83, 16, 3, '1986-12-16 06:19:10', '2019-12-14 17:52:38', '2019-12-14 17:52:38'),
(84, 1, 11, '2011-02-13 22:14:51', '2019-12-14 17:52:38', '2019-12-14 17:52:38'),
(85, 30, 2, '1987-02-15 05:46:34', '2019-12-14 17:52:38', '2019-12-14 17:52:38'),
(86, 2, 2, '1971-05-15 17:59:21', '2019-12-14 17:52:38', '2019-12-14 17:52:38'),
(87, 15, 2, '1984-07-27 09:47:24', '2019-12-14 17:52:38', '2019-12-14 17:52:38'),
(88, 14, 2, '2003-10-25 23:10:26', '2019-12-14 17:52:38', '2019-12-14 17:52:38'),
(89, 33, 11, '2016-08-05 01:20:55', '2019-12-14 17:52:38', '2019-12-14 17:52:38'),
(90, 1, 2, '1999-03-30 23:39:59', '2019-12-14 17:52:38', '2019-12-14 17:52:38');

-- --------------------------------------------------------

--
-- Estructura de tabla para la tabla `cities`
--

CREATE TABLE `cities` (
  `id` int(10) UNSIGNED NOT NULL,
  `city_name` varchar(45) COLLATE utf8mb4_unicode_ci NOT NULL,
  `region_id` int(10) UNSIGNED NOT NULL,
  `created_at` timestamp NULL DEFAULT NULL,
  `updated_at` timestamp NULL DEFAULT NULL
) ENGINE=InnoDB DEFAULT CHARSET=utf8mb4 COLLATE=utf8mb4_unicode_ci;

--
-- Volcado de datos para la tabla `cities`
--

INSERT INTO `cities` (`id`, `city_name`, `region_id`, `created_at`, `updated_at`) VALUES
(1, 'Bogot치 D.C', 1, '2019-12-14 17:52:14', '2019-12-14 17:52:14'),
(2, 'Cartagena', 2, '2019-12-14 17:52:14', '2019-12-14 17:52:14'),
(3, 'Port Jaquan', 5, '2019-12-14 17:52:14', '2019-12-14 17:52:14'),
(4, 'Deckowfurt', 5, '2019-12-14 17:52:14', '2019-12-14 17:52:14'),
(5, 'Ritchieberg', 4, '2019-12-14 17:52:14', '2019-12-14 17:52:14'),
(6, 'Bogisichmouth', 1, '2019-12-14 17:52:14', '2019-12-14 17:52:14'),
(7, 'Cruzfurt', 1, '2019-12-14 17:52:14', '2019-12-14 17:52:14'),
(8, 'Ziemannfort', 1, '2019-12-14 17:52:14', '2019-12-14 17:52:14'),
(9, 'South Armanimouth', 3, '2019-12-14 17:52:14', '2019-12-14 17:52:14'),
(10, 'Destanytown', 2, '2019-12-14 17:52:15', '2019-12-14 17:52:15'),
(11, 'Tyreseview', 3, '2019-12-14 17:52:15', '2019-12-14 17:52:15'),
(12, 'Lake Gerardoton', 4, '2019-12-14 17:52:15', '2019-12-14 17:52:15'),
(13, 'Eulaliafort', 6, '2019-12-14 17:52:15', '2019-12-14 17:52:15'),
(14, 'North Aidan', 6, '2019-12-14 17:52:15', '2019-12-14 17:52:15'),
(15, 'South Rodrigoland', 4, '2019-12-14 17:52:15', '2019-12-14 17:52:15'),
(16, 'South Arafurt', 4, '2019-12-14 17:52:15', '2019-12-14 17:52:15'),
(17, 'Port Dariusside', 6, '2019-12-14 17:52:15', '2019-12-14 17:52:15'),
(18, 'North Roxanestad', 2, '2019-12-14 17:52:15', '2019-12-14 17:52:15'),
(19, 'Lake Jordan', 5, '2019-12-14 17:52:15', '2019-12-14 17:52:15'),
(20, 'East Xzavier', 5, '2019-12-14 17:52:15', '2019-12-14 17:52:15'),
(21, 'West Theron', 1, '2019-12-14 17:52:15', '2019-12-14 17:52:15'),
(22, 'Lake Elisabethberg', 5, '2019-12-14 17:52:15', '2019-12-14 17:52:15'),
(23, 'East Brisa', 2, '2019-12-14 17:52:15', '2019-12-14 17:52:15'),
(24, 'Schmelerbury', 6, '2019-12-14 17:52:15', '2019-12-14 17:52:15'),
(25, 'North Keenan', 1, '2019-12-14 17:52:15', '2019-12-14 17:52:15'),
(26, 'Garnettbury', 2, '2019-12-14 17:52:15', '2019-12-14 17:52:15'),
(27, 'Lake Garrett', 6, '2019-12-14 17:52:15', '2019-12-14 17:52:15'),
(28, 'Vedachester', 1, '2019-12-14 17:52:15', '2019-12-14 17:52:15'),
(29, 'East Mylene', 3, '2019-12-14 17:52:15', '2019-12-14 17:52:15'),
(30, 'Braunfurt', 1, '2019-12-14 17:52:15', '2019-12-14 17:52:15'),
(31, 'South Makayla', 2, '2019-12-14 17:52:15', '2019-12-14 17:52:15'),
(32, 'Irmaberg', 6, '2019-12-14 17:52:15', '2019-12-14 17:52:15'),
(33, 'South Leif', 1, '2019-12-14 17:52:15', '2019-12-14 17:52:15'),
(34, 'Leannonchester', 5, '2019-12-14 17:52:15', '2019-12-14 17:52:15'),
(35, 'East Brionnatown', 3, '2019-12-14 17:52:15', '2019-12-14 17:52:15'),
(36, 'West Ceciliachester', 6, '2019-12-14 17:52:15', '2019-12-14 17:52:15'),
(37, 'Reynaview', 5, '2019-12-14 17:52:15', '2019-12-14 17:52:15'),
(38, 'Lubowitzfort', 2, '2019-12-14 17:52:15', '2019-12-14 17:52:15'),
(39, 'Schusterview', 5, '2019-12-14 17:52:15', '2019-12-14 17:52:15'),
(40, 'New Malinda', 2, '2019-12-14 17:52:15', '2019-12-14 17:52:15'),
(41, 'Maverickville', 5, '2019-12-14 17:52:15', '2019-12-14 17:52:15'),
(42, 'Port Charlene', 5, '2019-12-14 17:52:15', '2019-12-14 17:52:15'),
(43, 'Hoegerbury', 4, '2019-12-14 17:52:15', '2019-12-14 17:52:15'),
(44, 'Ciaraburgh', 6, '2019-12-14 17:52:15', '2019-12-14 17:52:15'),
(45, 'Victorburgh', 6, '2019-12-14 17:52:15', '2019-12-14 17:52:15'),
(46, 'Haleyville', 1, '2019-12-14 17:52:15', '2019-12-14 17:52:15'),
(47, 'South Monroeside', 5, '2019-12-14 17:52:15', '2019-12-14 17:52:15'),
(48, 'Grimesberg', 2, '2019-12-14 17:52:15', '2019-12-14 17:52:15'),
(49, 'South Taurean', 5, '2019-12-14 17:52:15', '2019-12-14 17:52:15'),
(50, 'East Lenna', 6, '2019-12-14 17:52:15', '2019-12-14 17:52:15'),
(51, 'Goldnerbury', 5, '2019-12-14 17:52:15', '2019-12-14 17:52:15'),
(52, 'North Lacy', 6, '2019-12-14 17:52:15', '2019-12-14 17:52:15'),
(53, 'Carleyfort', 3, '2019-12-14 17:52:15', '2019-12-14 17:52:15'),
(54, 'Heidenreichside', 1, '2019-12-14 17:52:15', '2019-12-14 17:52:15'),
(55, 'Sabinaport', 2, '2019-12-14 17:52:15', '2019-12-14 17:52:15'),
(56, 'West Wilfordport', 5, '2019-12-14 17:52:15', '2019-12-14 17:52:15'),
(57, 'Lake Alena', 3, '2019-12-14 17:52:15', '2019-12-14 17:52:15'),
(58, 'Camrynberg', 6, '2019-12-14 17:52:15', '2019-12-14 17:52:15'),
(59, 'Missouriberg', 2, '2019-12-14 17:52:15', '2019-12-14 17:52:15'),
(60, 'East Aurore', 1, '2019-12-14 17:52:15', '2019-12-14 17:52:15'),
(61, 'South Glen', 1, '2019-12-14 17:52:15', '2019-12-14 17:52:15'),
(62, 'South Viola', 1, '2019-12-14 17:52:15', '2019-12-14 17:52:15'),
(63, 'South Jessikahaven', 6, '2019-12-14 17:52:15', '2019-12-14 17:52:15'),
(64, 'New Destineeton', 4, '2019-12-14 17:52:16', '2019-12-14 17:52:16'),
(65, 'Port Murphyside', 2, '2019-12-14 17:52:16', '2019-12-14 17:52:16'),
(66, 'Port Elmira', 3, '2019-12-14 17:52:16', '2019-12-14 17:52:16'),
(67, 'East Alize', 1, '2019-12-14 17:52:16', '2019-12-14 17:52:16'),
(68, 'Cartertown', 4, '2019-12-14 17:52:16', '2019-12-14 17:52:16'),
(69, 'Cathystad', 4, '2019-12-14 17:52:16', '2019-12-14 17:52:16'),
(70, 'Marianehaven', 6, '2019-12-14 17:52:16', '2019-12-14 17:52:16'),
(71, 'New Mike', 6, '2019-12-14 17:52:16', '2019-12-14 17:52:16'),
(72, 'Faustomouth', 6, '2019-12-14 17:52:16', '2019-12-14 17:52:16'),
(73, 'New Noeborough', 2, '2019-12-14 17:52:16', '2019-12-14 17:52:16'),
(74, 'New Flo', 3, '2019-12-14 17:52:16', '2019-12-14 17:52:16'),
(75, 'Jamilfort', 6, '2019-12-14 17:52:16', '2019-12-14 17:52:16'),
(76, 'Arturomouth', 6, '2019-12-14 17:52:16', '2019-12-14 17:52:16'),
(77, 'Port Richmond', 3, '2019-12-14 17:52:16', '2019-12-14 17:52:16'),
(78, 'Abshirefurt', 5, '2019-12-14 17:52:16', '2019-12-14 17:52:16'),
(79, 'Lake Elenor', 4, '2019-12-14 17:52:16', '2019-12-14 17:52:16'),
(80, 'East Herminia', 6, '2019-12-14 17:52:16', '2019-12-14 17:52:16'),
(81, 'East Nolan', 4, '2019-12-14 17:52:16', '2019-12-14 17:52:16'),
(82, 'North Annetteberg', 5, '2019-12-14 17:52:16', '2019-12-14 17:52:16'),
(83, 'Dorianport', 5, '2019-12-14 17:52:16', '2019-12-14 17:52:16'),
(84, 'West Miraclebury', 6, '2019-12-14 17:52:16', '2019-12-14 17:52:16'),
(85, 'East Eleonoreberg', 5, '2019-12-14 17:52:16', '2019-12-14 17:52:16'),
(86, 'Schaeferbury', 3, '2019-12-14 17:52:16', '2019-12-14 17:52:16'),
(87, 'Lake Jacqueshaven', 5, '2019-12-14 17:52:16', '2019-12-14 17:52:16'),
(88, 'East Juanitaburgh', 2, '2019-12-14 17:52:16', '2019-12-14 17:52:16'),
(89, 'New Einar', 5, '2019-12-14 17:52:16', '2019-12-14 17:52:16'),
(90, 'Port Santina', 3, '2019-12-14 17:52:16', '2019-12-14 17:52:16'),
(91, 'South Toyburgh', 1, '2019-12-14 17:52:16', '2019-12-14 17:52:16'),
(92, 'Stehrchester', 3, '2019-12-14 17:52:16', '2019-12-14 17:52:16'),
(93, 'Bethelstad', 2, '2019-12-14 17:52:16', '2019-12-14 17:52:16'),
(94, 'East Dianna', 5, '2019-12-14 17:52:16', '2019-12-14 17:52:16'),
(95, 'Bechtelarview', 1, '2019-12-14 17:52:16', '2019-12-14 17:52:16'),
(96, 'West Beth', 3, '2019-12-14 17:52:16', '2019-12-14 17:52:16'),
(97, 'Bergstromfurt', 4, '2019-12-14 17:52:16', '2019-12-14 17:52:16'),
(98, 'Newellland', 4, '2019-12-14 17:52:16', '2019-12-14 17:52:16'),
(99, 'O\'Kontown', 1, '2019-12-14 17:52:16', '2019-12-14 17:52:16'),
(100, 'Lucioport', 1, '2019-12-14 17:52:16', '2019-12-14 17:52:16'),
(101, 'West Maxine', 5, '2019-12-14 17:52:16', '2019-12-14 17:52:16'),
(102, 'West Malvinastad', 1, '2019-12-14 17:52:16', '2019-12-14 17:52:16'),
(103, 'D\'Amoremouth', 6, '2019-12-14 17:52:16', '2019-12-14 17:52:16'),
(104, 'South Chestermouth', 4, '2019-12-14 17:52:16', '2019-12-14 17:52:16'),
(105, 'Sauertown', 1, '2019-12-14 17:52:16', '2019-12-14 17:52:16'),
(106, 'Erdmanshire', 3, '2019-12-14 17:52:16', '2019-12-14 17:52:16'),
(107, 'Port Vivianne', 5, '2019-12-14 17:52:16', '2019-12-14 17:52:16'),
(108, 'Laneyberg', 1, '2019-12-14 17:52:16', '2019-12-14 17:52:16'),
(109, 'Rozellaville', 6, '2019-12-14 17:52:17', '2019-12-14 17:52:17'),
(110, 'Osvaldofort', 3, '2019-12-14 17:52:17', '2019-12-14 17:52:17'),
(111, 'Port Kylee', 3, '2019-12-14 17:52:17', '2019-12-14 17:52:17'),
(112, 'Port Jamison', 4, '2019-12-14 17:52:17', '2019-12-14 17:52:17'),
(113, 'Smithamland', 3, '2019-12-14 17:52:17', '2019-12-14 17:52:17'),
(114, 'North Ernestinafort', 4, '2019-12-14 17:52:17', '2019-12-14 17:52:17'),
(115, 'Port Virginie', 3, '2019-12-14 17:52:17', '2019-12-14 17:52:17'),
(116, 'Daishaland', 1, '2019-12-14 17:52:17', '2019-12-14 17:52:17'),
(117, 'Port Cheyenne', 4, '2019-12-14 17:52:17', '2019-12-14 17:52:17'),
(118, 'Smithmouth', 4, '2019-12-14 17:52:17', '2019-12-14 17:52:17'),
(119, 'Bellaport', 1, '2019-12-14 17:52:17', '2019-12-14 17:52:17'),
(120, 'Jaskolskichester', 4, '2019-12-14 17:52:17', '2019-12-14 17:52:17'),
(121, 'West Nedburgh', 6, '2019-12-14 17:52:17', '2019-12-14 17:52:17'),
(122, 'Jennyferport', 2, '2019-12-14 17:52:17', '2019-12-14 17:52:17'),
(123, 'Sporerside', 6, '2019-12-14 17:52:17', '2019-12-14 17:52:17'),
(124, 'South Garnetland', 2, '2019-12-14 17:52:17', '2019-12-14 17:52:17'),
(125, 'New Crystel', 4, '2019-12-14 17:52:17', '2019-12-14 17:52:17'),
(126, 'Tayaton', 2, '2019-12-14 17:52:17', '2019-12-14 17:52:17'),
(127, 'East Adolphus', 4, '2019-12-14 17:52:17', '2019-12-14 17:52:17'),
(128, 'New Jaceytown', 3, '2019-12-14 17:52:17', '2019-12-14 17:52:17'),
(129, 'Lake Calista', 6, '2019-12-14 17:52:17', '2019-12-14 17:52:17'),
(130, 'West Kamryn', 1, '2019-12-14 17:52:17', '2019-12-14 17:52:17'),
(131, 'East Bettiefort', 5, '2019-12-14 17:52:17', '2019-12-14 17:52:17'),
(132, 'Schimmelberg', 2, '2019-12-14 17:52:17', '2019-12-14 17:52:17'),
(133, 'Brandonchester', 6, '2019-12-14 17:52:17', '2019-12-14 17:52:17'),
(134, 'New Paxton', 5, '2019-12-14 17:52:17', '2019-12-14 17:52:17'),
(135, 'Turcotteburgh', 5, '2019-12-14 17:52:17', '2019-12-14 17:52:17'),
(136, 'Lake Laurie', 5, '2019-12-14 17:52:17', '2019-12-14 17:52:17'),
(137, 'Presleyview', 2, '2019-12-14 17:52:18', '2019-12-14 17:52:18'),
(138, 'North Katelynberg', 3, '2019-12-14 17:52:18', '2019-12-14 17:52:18'),
(139, 'Kovacekview', 1, '2019-12-14 17:52:18', '2019-12-14 17:52:18'),
(140, 'Edythestad', 5, '2019-12-14 17:52:18', '2019-12-14 17:52:18'),
(141, 'East Donny', 1, '2019-12-14 17:52:18', '2019-12-14 17:52:18'),
(142, 'West Giannimouth', 2, '2019-12-14 17:52:18', '2019-12-14 17:52:18'),
(143, 'New Jazmyn', 4, '2019-12-14 17:52:18', '2019-12-14 17:52:18'),
(144, 'Lake Milan', 1, '2019-12-14 17:52:18', '2019-12-14 17:52:18'),
(145, 'Eugenefurt', 5, '2019-12-14 17:52:18', '2019-12-14 17:52:18'),
(146, 'East Katrinafurt', 4, '2019-12-14 17:52:18', '2019-12-14 17:52:18'),
(147, 'North Brent', 1, '2019-12-14 17:52:18', '2019-12-14 17:52:18'),
(148, 'New Kaela', 1, '2019-12-14 17:52:18', '2019-12-14 17:52:18'),
(149, 'Cronaville', 6, '2019-12-14 17:52:18', '2019-12-14 17:52:18'),
(150, 'Martinmouth', 6, '2019-12-14 17:52:18', '2019-12-14 17:52:18'),
(151, 'New Jermaine', 4, '2019-12-14 17:52:18', '2019-12-14 17:52:18'),
(152, 'Lake Adalineville', 3, '2019-12-14 17:52:18', '2019-12-14 17:52:18'),
(153, 'Beerburgh', 4, '2019-12-14 17:52:18', '2019-12-14 17:52:18'),
(154, 'North Hazle', 1, '2019-12-14 17:52:18', '2019-12-14 17:52:18'),
(155, 'Port Emmettland', 2, '2019-12-14 17:52:18', '2019-12-14 17:52:18'),
(156, 'Ritchiemouth', 6, '2019-12-14 17:52:18', '2019-12-14 17:52:18'),
(157, 'North Gayleport', 6, '2019-12-14 17:52:18', '2019-12-14 17:52:18'),
(158, 'South Freddie', 4, '2019-12-14 17:52:18', '2019-12-14 17:52:18'),
(159, 'East Kendra', 6, '2019-12-14 17:52:18', '2019-12-14 17:52:18'),
(160, 'Port Garnett', 5, '2019-12-14 17:52:18', '2019-12-14 17:52:18'),
(161, 'Keanuhaven', 4, '2019-12-14 17:52:18', '2019-12-14 17:52:18'),
(162, 'Kolechester', 3, '2019-12-14 17:52:18', '2019-12-14 17:52:18'),
(163, 'Port Annieland', 5, '2019-12-14 17:52:18', '2019-12-14 17:52:18'),
(164, 'North Karlie', 1, '2019-12-14 17:52:18', '2019-12-14 17:52:18'),
(165, 'New Kelley', 2, '2019-12-14 17:52:19', '2019-12-14 17:52:19'),
(166, 'Ankundinghaven', 6, '2019-12-14 17:52:19', '2019-12-14 17:52:19'),
(167, 'Shanonshire', 1, '2019-12-14 17:52:19', '2019-12-14 17:52:19'),
(168, 'Aminashire', 4, '2019-12-14 17:52:19', '2019-12-14 17:52:19'),
(169, 'Leuschkemouth', 3, '2019-12-14 17:52:19', '2019-12-14 17:52:19'),
(170, 'Odieton', 4, '2019-12-14 17:52:19', '2019-12-14 17:52:19'),
(171, 'Gradyborough', 2, '2019-12-14 17:52:19', '2019-12-14 17:52:19'),
(172, 'Kozeyshire', 2, '2019-12-14 17:52:19', '2019-12-14 17:52:19'),
(173, 'Schusterchester', 3, '2019-12-14 17:52:19', '2019-12-14 17:52:19'),
(174, 'Lake Viola', 5, '2019-12-14 17:52:19', '2019-12-14 17:52:19'),
(175, 'Garthmouth', 2, '2019-12-14 17:52:19', '2019-12-14 17:52:19'),
(176, 'Lake Jasper', 1, '2019-12-14 17:52:19', '2019-12-14 17:52:19'),
(177, 'Jazmyneland', 3, '2019-12-14 17:52:19', '2019-12-14 17:52:19'),
(178, 'East Pat', 3, '2019-12-14 17:52:19', '2019-12-14 17:52:19'),
(179, 'Dejahtown', 5, '2019-12-14 17:52:19', '2019-12-14 17:52:19'),
(180, 'Carletonfort', 3, '2019-12-14 17:52:19', '2019-12-14 17:52:19'),
(181, 'New Charlotte', 4, '2019-12-14 17:52:19', '2019-12-14 17:52:19'),
(182, 'Arabury', 5, '2019-12-14 17:52:19', '2019-12-14 17:52:19'),
(183, 'Watsicabury', 5, '2019-12-14 17:52:19', '2019-12-14 17:52:19'),
(184, 'Kautzerview', 2, '2019-12-14 17:52:19', '2019-12-14 17:52:19'),
(185, 'Rogahntown', 3, '2019-12-14 17:52:19', '2019-12-14 17:52:19'),
(186, 'New Carolinefort', 5, '2019-12-14 17:52:19', '2019-12-14 17:52:19'),
(187, 'South Jarrod', 6, '2019-12-14 17:52:19', '2019-12-14 17:52:19'),
(188, 'South Cara', 3, '2019-12-14 17:52:19', '2019-12-14 17:52:19'),
(189, 'Hillland', 6, '2019-12-14 17:52:19', '2019-12-14 17:52:19'),
(190, 'Tanyaland', 1, '2019-12-14 17:52:19', '2019-12-14 17:52:19'),
(191, 'Daynaville', 6, '2019-12-14 17:52:19', '2019-12-14 17:52:19'),
(192, 'East Otiliabury', 2, '2019-12-14 17:52:19', '2019-12-14 17:52:19'),
(193, 'Monahanmouth', 1, '2019-12-14 17:52:19', '2019-12-14 17:52:19'),
(194, 'Garlandberg', 1, '2019-12-14 17:52:19', '2019-12-14 17:52:19'),
(195, 'New Milanfurt', 2, '2019-12-14 17:52:19', '2019-12-14 17:52:19'),
(196, 'Schinnerton', 2, '2019-12-14 17:52:19', '2019-12-14 17:52:19'),
(197, 'Durganhaven', 3, '2019-12-14 17:52:19', '2019-12-14 17:52:19'),
(198, 'North Carroll', 6, '2019-12-14 17:52:19', '2019-12-14 17:52:19'),
(199, 'Port Billyside', 6, '2019-12-14 17:52:19', '2019-12-14 17:52:19'),
(200, 'Lake Carmelhaven', 3, '2019-12-14 17:52:19', '2019-12-14 17:52:19'),
(201, 'Oberbrunnermouth', 5, '2019-12-14 17:52:19', '2019-12-14 17:52:19');

-- --------------------------------------------------------

--
-- Estructura de tabla para la tabla `contracts`
--

CREATE TABLE `contracts` (
  `id` int(10) UNSIGNED NOT NULL,
  `user_id` int(10) UNSIGNED NOT NULL,
  `contract_type_id` int(10) UNSIGNED NOT NULL,
  `number_contract` varchar(255) COLLATE utf8mb4_unicode_ci NOT NULL,
  `generation_date` datetime NOT NULL,
  `contract_start_date` datetime NOT NULL,
  `contract_end_date` datetime NOT NULL,
  `contract_term` varchar(255) COLLATE utf8mb4_unicode_ci NOT NULL,
  `way_pay` text COLLATE utf8mb4_unicode_ci NOT NULL,
  `contract_total_pay` bigint(20) NOT NULL,
  `contract_information_term` text COLLATE utf8mb4_unicode_ci NOT NULL,
  `created_at` timestamp NULL DEFAULT NULL,
  `updated_at` timestamp NULL DEFAULT NULL
) ENGINE=InnoDB DEFAULT CHARSET=utf8mb4 COLLATE=utf8mb4_unicode_ci;

--
-- Volcado de datos para la tabla `contracts`
--

INSERT INTO `contracts` (`id`, `user_id`, `contract_type_id`, `number_contract`, `generation_date`, `contract_start_date`, `contract_end_date`, `contract_term`, `way_pay`, `contract_total_pay`, `contract_information_term`, `created_at`, `updated_at`) VALUES
(1, 22, 6, '0_2019', '1983-07-15 03:23:44', '1975-11-13 16:49:03', '2014-03-29 19:51:35', 'Ea commodi quis harum aspernatur laudantium.', 'Ut autem nemo voluptatem voluptatem.', 1518341, 'Quo quam est culpa sed.', '2019-12-14 17:52:42', '2019-12-14 17:52:42'),
(2, 38, 4, '2_2019', '1979-02-21 18:45:28', '1985-06-05 09:50:53', '1999-07-01 19:02:59', 'Quia est et vel rerum odio accusantium.', 'Qui non incidunt numquam recusandae dolores consequuntur optio.', 9893824, 'In nulla voluptatem recusandae corporis architecto aut amet.', '2019-12-14 17:52:42', '2019-12-14 17:52:42'),
(3, 38, 7, '4_2019', '1985-11-03 13:12:45', '1992-12-07 19:56:20', '2005-05-15 15:05:06', 'Eligendi fugiat incidunt voluptate nisi provident illum.', 'Ex dolores ratione ut quidem facilis itaque.', 6732430, 'Consequatur vel quis dolores dolor.', '2019-12-14 17:52:42', '2019-12-14 17:52:42'),
(4, 31, 2, '6_2019', '1972-04-02 08:47:30', '1990-12-19 22:50:08', '1993-07-12 23:45:02', 'Nisi optio aut optio qui.', 'Consequatur sunt dolor explicabo quibusdam eum sit facere.', 8219647, 'Quo quos rerum quae est.', '2019-12-14 17:52:42', '2019-12-14 17:52:42'),
(5, 46, 1, '8_2019', '1979-12-20 09:46:15', '1993-07-06 07:24:37', '1983-07-07 23:25:47', 'Sint tempore sed laborum rerum.', 'Qui quasi consequatur numquam iusto explicabo sequi commodi et.', 7033377, 'Itaque maxime sunt nulla totam ratione.', '2019-12-14 17:52:42', '2019-12-14 17:52:42'),
(6, 16, 3, '10_2019', '2008-10-10 03:24:49', '1979-02-03 20:04:58', '2016-12-01 17:06:46', 'Et eius et qui.', 'Explicabo reiciendis laboriosam vitae a.', 15435, 'Quod similique quia commodi nam.', '2019-12-14 17:52:42', '2019-12-14 17:52:42'),
(7, 15, 7, '12_2019', '2012-09-05 06:57:53', '1987-02-15 15:59:31', '1991-02-09 11:41:20', 'Et cupiditate et quia nobis delectus eveniet culpa autem.', 'Harum nobis id voluptatem delectus natus voluptas consectetur.', 2751841, 'Et cum quia ut similique.', '2019-12-14 17:52:42', '2019-12-14 17:52:42'),
(8, 20, 7, '14_2019', '1992-12-17 23:10:18', '1971-03-16 07:23:20', '1999-11-30 16:33:58', 'Et quia aut a est ullam.', 'Est aut voluptas eum minima dolores quia.', 9536548, 'Ex omnis ipsa soluta.', '2019-12-14 17:52:42', '2019-12-14 17:52:42'),
(9, 43, 3, '16_2019', '1975-06-27 20:58:34', '1985-03-10 13:48:02', '1993-11-02 05:47:38', 'Accusamus labore sit repellat nesciunt dolores ut.', 'Sint eaque dolore aperiam est velit pariatur.', 363133, 'Ea et quo voluptate autem.', '2019-12-14 17:52:42', '2019-12-14 17:52:42'),
(10, 41, 5, '18_2019', '2007-12-17 15:09:25', '1993-12-17 00:38:54', '1999-09-08 08:00:57', 'Ipsam id explicabo ullam consectetur culpa tempora soluta et.', 'Maiores harum delectus rerum doloremque facere perspiciatis dignissimos.', 8055527, 'Atque sint consequatur deserunt.', '2019-12-14 17:52:42', '2019-12-14 17:52:42'),
(11, 50, 6, '20_2019', '2009-02-22 20:24:56', '1979-01-13 21:05:44', '2013-07-25 19:49:35', 'Quisquam illo voluptatem natus.', 'Cumque fugiat neque perspiciatis aut.', 9550124, 'Velit hic quas dolorem sed libero quis fuga.', '2019-12-14 17:52:42', '2019-12-14 17:52:42'),
(12, 21, 3, '22_2019', '1989-04-18 05:43:31', '2006-04-18 01:59:42', '1974-11-17 02:18:30', 'Harum quod est amet eos dignissimos aut.', 'Autem eos sed dolorem quae odio quidem quo.', 1357123, 'Hic in illum unde ea voluptatem veritatis.', '2019-12-14 17:52:42', '2019-12-14 17:52:42'),
(13, 2, 6, '24_2019', '1997-09-16 09:48:42', '1999-08-12 22:45:08', '2005-01-09 13:16:29', 'Cum voluptatem nesciunt sed autem voluptate.', 'Qui velit nesciunt consequatur quos iste sed et.', 3686269, 'Est ea explicabo qui numquam.', '2019-12-14 17:52:42', '2019-12-14 17:52:42'),
(14, 2, 4, '26_2019', '2007-06-16 15:28:11', '2012-05-18 22:34:09', '1989-03-15 09:18:56', 'Quae pariatur aliquid nostrum molestiae ipsa.', 'Enim repellendus architecto et tenetur corporis esse doloribus.', 1487648, 'Quasi et officiis fuga cum voluptatem.', '2019-12-14 17:52:42', '2019-12-14 17:52:42'),
(15, 35, 5, '28_2019', '1993-03-12 04:08:26', '1999-10-26 06:59:23', '1991-02-14 19:15:15', 'Sunt accusamus iure ut ut.', 'Autem suscipit inventore ut omnis itaque ipsum recusandae.', 9017411, 'Impedit voluptates culpa voluptatem molestiae.', '2019-12-14 17:52:42', '2019-12-14 17:52:42'),
(16, 50, 6, '30_2019', '2011-02-27 09:17:53', '2004-10-05 00:45:05', '2012-02-27 00:40:21', 'Quod sint voluptas autem aperiam voluptas vel.', 'Ipsa cupiditate illo dolorum maiores et quo.', 1377500, 'Sequi et voluptas cumque et quidem et.', '2019-12-14 17:52:42', '2019-12-14 17:52:42'),
(17, 30, 4, '32_2019', '1999-06-26 00:34:05', '1989-04-16 19:14:48', '2003-09-05 10:57:37', 'Est inventore laborum voluptatum dolorem et.', 'Corporis est facere temporibus sint in maxime.', 7780483, 'Vitae molestiae ex sit vel doloribus dolores earum.', '2019-12-14 17:52:42', '2019-12-14 17:52:42'),
(18, 7, 7, '34_2019', '2002-08-27 19:13:06', '1976-05-16 05:32:10', '1983-03-08 12:52:43', 'Nam placeat enim est quo et dolor.', 'Porro officia cum placeat earum aut laboriosam.', 406464, 'Quam dolores porro corrupti in.', '2019-12-14 17:52:42', '2019-12-14 17:52:42'),
(19, 23, 5, '36_2019', '2014-07-28 04:43:19', '1996-10-02 23:26:56', '2003-06-14 21:00:09', 'Nisi deleniti soluta voluptates nobis quo et.', 'Et perferendis fugiat sunt numquam.', 5935483, 'Molestiae consectetur est blanditiis soluta ea vel.', '2019-12-14 17:52:42', '2019-12-14 17:52:42'),
(20, 15, 7, '38_2019', '1994-07-08 22:27:59', '2016-11-22 20:25:17', '2015-10-18 22:15:51', 'Qui natus et sint fugiat placeat explicabo doloribus.', 'Qui temporibus ratione sapiente eos facere quis sed.', 8620538, 'Earum sed sint ut.', '2019-12-14 17:52:42', '2019-12-14 17:52:42'),
(21, 35, 7, '40_2019', '2011-11-30 04:44:20', '2014-12-10 01:06:23', '2016-06-29 05:55:44', 'Qui accusantium voluptatum officia facere sint.', 'Voluptatem pariatur vel necessitatibus quia.', 2312923, 'Eum modi tempora earum dolore eligendi suscipit.', '2019-12-14 17:52:42', '2019-12-14 17:52:42'),
(22, 50, 6, '42_2019', '2004-07-03 14:21:43', '1986-05-01 03:50:40', '1980-01-05 17:56:28', 'Voluptatem perferendis suscipit eaque.', 'Qui rerum sint aut consequuntur blanditiis vel et est.', 1154617, 'Iste quis qui sint voluptatum.', '2019-12-14 17:52:43', '2019-12-14 17:52:43'),
(23, 12, 2, '44_2019', '1993-07-20 14:33:30', '1988-09-24 14:25:32', '2015-03-19 07:53:13', 'Et tempora quo quidem architecto neque.', 'Voluptatem tempore voluptates amet quo.', 9140384, 'Quos magnam velit eius quae perspiciatis voluptates libero.', '2019-12-14 17:52:43', '2019-12-14 17:52:43'),
(24, 32, 6, '46_2019', '2008-03-26 09:20:25', '1979-10-24 23:52:54', '2008-05-20 23:39:07', 'Enim nam odit minima.', 'Minima aut eum non sed est aut nobis.', 4055439, 'Possimus quam ipsum illum aperiam dignissimos ipsam rerum.', '2019-12-14 17:52:43', '2019-12-14 17:52:43'),
(25, 43, 3, '48_2019', '2011-04-05 22:39:08', '1987-01-31 20:51:46', '1972-04-25 04:50:19', 'Pariatur et debitis dolores dolor quisquam.', 'Accusantium rerum ea id ducimus maxime doloribus.', 2943095, 'Ea porro qui beatae.', '2019-12-14 17:52:43', '2019-12-14 17:52:43'),
(26, 27, 4, '50_2019', '2011-07-22 16:49:02', '1982-06-02 14:15:52', '2016-08-09 02:24:40', 'Et deserunt qui porro accusantium.', 'Necessitatibus cum debitis dolorem quos.', 1933029, 'Qui aut ea optio tenetur ut cupiditate est.', '2019-12-14 17:52:43', '2019-12-14 17:52:43'),
(27, 25, 6, '52_2019', '2002-11-19 02:33:25', '1982-07-22 03:21:36', '1984-07-17 19:02:26', 'Quam ipsam quaerat voluptates quos autem.', 'Eum hic architecto recusandae qui iusto laudantium quia.', 7225450, 'Minus amet repudiandae minus eveniet ea ducimus ut quas.', '2019-12-14 17:52:43', '2019-12-14 17:52:43'),
(28, 38, 4, '54_2019', '1992-08-12 11:20:04', '1988-08-03 22:49:45', '1973-07-31 20:34:27', 'Eius maiores commodi voluptatem doloremque dolor aut est excepturi.', 'Quod quibusdam ipsam unde pariatur vitae.', 5913661, 'In consequatur ea eius aut.', '2019-12-14 17:52:43', '2019-12-14 17:52:43'),
(29, 49, 5, '56_2019', '2014-08-24 02:23:38', '2015-07-27 13:14:35', '2017-01-13 00:34:41', 'Temporibus dolor laboriosam molestias numquam.', 'Et soluta non aut molestiae ratione harum perferendis.', 9900782, 'Sapiente et consequatur aut debitis.', '2019-12-14 17:52:43', '2019-12-14 17:52:43'),
(30, 23, 2, '58_2019', '2010-08-01 03:02:29', '1971-08-28 05:54:57', '2006-12-07 00:52:49', 'Praesentium repellendus labore quae facere.', 'Mollitia et nisi veniam qui in fugiat.', 7178815, 'Officia sit amet non.', '2019-12-14 17:52:43', '2019-12-14 17:52:43'),
(31, 11, 2, '60_2019', '1994-12-23 21:54:25', '2019-07-10 18:43:57', '2007-05-25 16:17:35', 'Mollitia qui deserunt sunt non.', 'Numquam nisi saepe laborum eos.', 4490755, 'Porro eos ad aliquam perferendis dolorum eaque.', '2019-12-14 17:52:43', '2019-12-14 17:52:43'),
(32, 9, 5, '62_2019', '1974-02-25 01:34:43', '1997-08-07 18:36:53', '1983-06-02 10:14:16', 'In ullam possimus officiis sed.', 'Et quaerat illum eos tempore aliquid.', 5581966, 'Impedit hic cumque iure reprehenderit atque.', '2019-12-14 17:52:43', '2019-12-14 17:52:43'),
(33, 4, 6, '64_2019', '1998-10-09 04:09:33', '1986-07-20 18:40:41', '1975-06-15 08:49:39', 'Adipisci repellendus natus repudiandae totam.', 'Eum quaerat blanditiis ratione.', 7949244, 'Quaerat in aliquid asperiores ab aperiam qui omnis.', '2019-12-14 17:52:43', '2019-12-14 17:52:43'),
(34, 38, 6, '66_2019', '1987-10-27 16:15:46', '2010-01-18 17:33:47', '1993-09-26 00:46:43', 'A molestiae neque aut et ipsam.', 'Quis reiciendis quia rerum harum impedit.', 8593634, 'Ipsa debitis aut rerum est ut neque aspernatur.', '2019-12-14 17:52:43', '2019-12-14 17:52:43'),
(35, 31, 2, '68_2019', '2014-10-16 22:57:23', '1990-01-24 15:27:34', '1993-06-28 16:59:22', 'Vel suscipit id excepturi perspiciatis.', 'Quis at nostrum maxime velit dolores dolor.', 9207752, 'Dolor eveniet consequatur cumque iusto qui.', '2019-12-14 17:52:43', '2019-12-14 17:52:43'),
(36, 17, 7, '70_2019', '1976-04-23 06:46:20', '1995-06-26 10:48:26', '1999-09-11 01:57:54', 'Quod voluptatum error aliquid doloribus inventore velit.', 'Non non officia asperiores voluptatem.', 7749192, 'Dolorem aut facere sit voluptas perferendis beatae.', '2019-12-14 17:52:43', '2019-12-14 17:52:43'),
(37, 22, 2, '72_2019', '1990-09-13 23:15:24', '1983-07-12 16:23:12', '1995-12-19 18:45:46', 'Aliquam ipsam expedita dolor cum voluptas excepturi nam.', 'Est nihil quod voluptatum minus.', 2524102, 'Ex ducimus ea in aperiam quia molestiae.', '2019-12-14 17:52:43', '2019-12-14 17:52:43'),
(38, 5, 3, '74_2019', '2004-10-25 20:20:07', '1990-06-30 06:03:49', '2002-11-10 12:06:26', 'Ut illum et esse qui aut.', 'Voluptas qui nostrum et sit voluptatem eos qui laudantium.', 4109369, 'Reiciendis est accusantium accusantium et sed impedit.', '2019-12-14 17:52:43', '2019-12-14 17:52:43'),
(39, 17, 2, '76_2019', '1981-04-06 14:45:27', '1989-04-09 23:19:51', '1970-08-05 22:40:53', 'Sit tempore ad corporis placeat.', 'Est similique reprehenderit aliquid est dicta adipisci.', 3902379, 'Et sint quis voluptatem quibusdam eveniet et.', '2019-12-14 17:52:43', '2019-12-14 17:52:43'),
(40, 12, 7, '78_2019', '1979-11-06 17:02:08', '1975-05-23 03:36:14', '1986-01-10 21:19:02', 'Ipsam suscipit repellendus repellat iure provident sunt est.', 'In aut est aperiam at dicta facilis similique.', 116729, 'Ab nam consequatur laudantium velit.', '2019-12-14 17:52:43', '2019-12-14 17:52:43'),
(41, 29, 5, '80_2019', '1983-11-07 11:06:28', '1992-08-11 08:51:10', '2007-12-23 22:13:03', 'Odio non debitis porro ut quibusdam similique.', 'Voluptatem illum asperiores saepe consequatur qui est voluptatem.', 3328139, 'Non provident aut soluta nihil.', '2019-12-14 17:52:43', '2019-12-14 17:52:43'),
(42, 37, 3, '82_2019', '2016-11-03 20:22:42', '1974-04-22 18:15:39', '2011-06-11 08:47:04', 'Id blanditiis commodi sit architecto mollitia aliquam laudantium.', 'Fugit qui soluta quis magnam est sit et.', 1895845, 'Id aut qui quis odio fugiat voluptatem.', '2019-12-14 17:52:43', '2019-12-14 17:52:43'),
(43, 20, 4, '84_2019', '1972-04-20 23:29:04', '1984-11-03 10:05:17', '2011-07-01 12:54:59', 'Unde sint est molestias accusamus sit.', 'Eveniet nostrum consequuntur in tenetur beatae.', 850375, 'Reiciendis similique et voluptatibus quo totam sapiente commodi non.', '2019-12-14 17:52:43', '2019-12-14 17:52:43'),
(44, 49, 2, '86_2019', '1996-01-10 15:01:00', '1990-08-05 02:16:40', '1988-12-09 03:00:51', 'Vitae est rerum numquam quis.', 'Quaerat labore accusamus sequi fuga dolores aliquam voluptas.', 6669620, 'Qui quia vitae sit fugiat aut qui temporibus.', '2019-12-14 17:52:43', '2019-12-14 17:52:43'),
(45, 6, 1, '88_2019', '2018-05-02 12:11:23', '2001-10-05 02:08:17', '1970-03-24 10:41:29', 'Consequatur dignissimos officia eum quidem.', 'Minima facere et qui necessitatibus quia quidem.', 1668768, 'Autem dicta exercitationem et veniam quia autem.', '2019-12-14 17:52:43', '2019-12-14 17:52:43'),
(46, 4, 1, '90_2019', '1983-05-03 14:39:07', '1979-03-12 15:40:36', '1991-06-10 01:32:54', 'Possimus quisquam quam est.', 'Fugiat nemo excepturi vel consequuntur adipisci.', 3812150, 'Aut excepturi qui voluptas quos reiciendis at magnam.', '2019-12-14 17:52:43', '2019-12-14 17:52:43'),
(47, 4, 2, '92_2019', '1980-12-01 05:32:31', '2017-04-28 23:46:25', '1998-07-01 11:29:50', 'Est tempora quibusdam quia id suscipit.', 'Nesciunt sit aut veniam et doloribus sint est quia.', 3968055, 'Autem consequuntur ratione debitis dolorem.', '2019-12-14 17:52:43', '2019-12-14 17:52:43'),
(48, 50, 7, '94_2019', '1988-11-27 23:55:48', '1993-05-11 09:20:13', '1987-02-04 04:39:33', 'Ab aut culpa autem in.', 'Consequatur recusandae non aut sit deleniti.', 1855306, 'Aut a ea laborum sint necessitatibus.', '2019-12-14 17:52:43', '2019-12-14 17:52:43'),
(49, 20, 4, '96_2019', '1992-07-17 15:04:15', '1993-11-02 15:35:53', '2001-12-06 12:04:02', 'Et ullam qui aut qui fugit accusamus quia.', 'Vitae voluptas beatae exercitationem nulla magnam molestiae.', 1359288, 'Sit minima commodi id.', '2019-12-14 17:52:43', '2019-12-14 17:52:43'),
(50, 24, 6, '98_2019', '1970-03-07 20:19:05', '1983-08-06 22:06:44', '2008-06-07 03:37:46', 'Libero dolore quo beatae aut eveniet dolorem cumque est.', 'Quisquam qui dolore facere voluptas.', 9914586, 'Qui et sunt ut doloremque.', '2019-12-14 17:52:43', '2019-12-14 17:52:43'),
(51, 29, 2, '100_2019', '1977-05-12 17:44:12', '2016-02-10 18:59:25', '1992-01-23 18:42:43', 'Architecto asperiores asperiores quam dolorem.', 'Non molestiae ratione veniam aut ipsam doloribus qui.', 858798, 'Et velit ut optio asperiores qui deleniti.', '2019-12-14 17:52:43', '2019-12-14 17:52:43'),
(52, 48, 5, '102_2019', '1998-07-22 23:28:01', '2003-03-25 09:14:46', '2008-07-05 04:28:39', 'Et a error qui qui.', 'Illum rerum est voluptatem perferendis delectus.', 6546808, 'Voluptatum consectetur incidunt fugit qui rerum repellendus ratione.', '2019-12-14 17:52:43', '2019-12-14 17:52:43'),
(53, 21, 3, '104_2019', '1996-05-28 10:03:19', '1977-07-10 21:07:14', '1995-01-25 17:27:18', 'Odio fuga dignissimos provident omnis tenetur.', 'Voluptatem et ad enim tempore beatae.', 6035993, 'Quae neque et quas rerum rerum sed.', '2019-12-14 17:52:43', '2019-12-14 17:52:43'),
(54, 32, 6, '106_2019', '2018-03-30 15:45:52', '1994-11-10 16:23:20', '1977-08-12 08:26:40', 'Id ullam ut vel praesentium molestiae.', 'Explicabo inventore laboriosam non necessitatibus vel repellat.', 735804, 'Qui architecto inventore cumque rem numquam porro.', '2019-12-14 17:52:43', '2019-12-14 17:52:43'),
(55, 18, 5, '108_2019', '1985-06-24 13:04:20', '2002-04-18 07:24:42', '2007-07-14 19:34:40', 'Debitis consequuntur ratione est aut quisquam.', 'Et vero distinctio repellat tenetur.', 6753780, 'Et nulla consequuntur amet voluptas iure.', '2019-12-14 17:52:43', '2019-12-14 17:52:43'),
(56, 27, 4, '110_2019', '1990-11-28 12:00:05', '2002-05-30 21:17:15', '1987-11-16 21:54:16', 'Laboriosam possimus sit id praesentium.', 'Ex id saepe aperiam voluptas eos.', 2957883, 'Cum assumenda sit necessitatibus molestias non.', '2019-12-14 17:52:43', '2019-12-14 17:52:43'),
(57, 40, 5, '112_2019', '2000-12-10 05:24:28', '2010-12-10 14:32:15', '2008-05-09 03:19:46', 'Omnis culpa cum et quia recusandae nam.', 'Et ut et deserunt repellat sint.', 8127291, 'Quod sed quia voluptas ipsum.', '2019-12-14 17:52:43', '2019-12-14 17:52:43'),
(58, 5, 1, '114_2019', '1977-03-07 10:33:34', '1973-02-08 05:37:54', '2008-11-06 08:59:29', 'Qui culpa dolore vitae nihil qui.', 'At et ullam porro dolores eius hic sit.', 5383769, 'Dolor veritatis nulla vel fugiat.', '2019-12-14 17:52:43', '2019-12-14 17:52:43'),
(59, 2, 3, '116_2019', '1977-06-06 01:45:59', '2010-01-29 23:24:01', '1996-07-25 18:41:22', 'Maiores quae velit ut architecto est.', 'Eveniet corporis quos dicta est.', 6257897, 'Quasi aut cumque aperiam soluta dicta iste.', '2019-12-14 17:52:43', '2019-12-14 17:52:43'),
(60, 18, 6, '118_2019', '1992-03-03 13:39:27', '2016-05-15 21:26:18', '2005-06-07 02:29:37', 'Accusamus natus minus laudantium sit consectetur in velit.', 'Eum consequatur accusantium aut a qui molestiae ducimus.', 345753, 'Officiis enim sed occaecati commodi.', '2019-12-14 17:52:43', '2019-12-14 17:52:43'),
(61, 1, 6, '120_2019', '1974-01-10 04:41:29', '1986-10-24 22:44:53', '2010-09-22 04:25:44', 'Eveniet in et error non recusandae doloremque.', 'Magnam inventore ab nesciunt autem temporibus.', 6868194, 'Esse quaerat dolores consequatur dolor.', '2019-12-14 17:52:44', '2019-12-14 17:52:44'),
(62, 11, 5, '122_2019', '1997-02-04 03:02:16', '2014-10-14 17:35:16', '1979-07-18 08:53:33', 'Possimus qui nihil esse pariatur.', 'Et nam impedit voluptas ab ea eos.', 8861573, 'Autem amet rerum ad quia sed et aliquam.', '2019-12-14 17:52:44', '2019-12-14 17:52:44'),
(63, 35, 3, '124_2019', '1984-03-20 08:36:39', '1998-06-27 22:22:25', '1991-08-14 08:10:13', 'Fugit exercitationem aspernatur culpa dolore id dolorem voluptatum.', 'Cum dolorem voluptas ut vitae minus nam qui consequatur.', 230072, 'Possimus ea explicabo omnis aliquam velit delectus deleniti ex.', '2019-12-14 17:52:44', '2019-12-14 17:52:44'),
(64, 40, 6, '126_2019', '1986-03-12 10:07:53', '1980-06-20 03:21:38', '1973-04-06 10:45:54', 'Iure officia rerum harum.', 'Rerum qui sunt voluptatem nihil fugit.', 6216165, 'A unde aut aut doloribus ea et.', '2019-12-14 17:52:44', '2019-12-14 17:52:44'),
(65, 29, 7, '128_2019', '1987-11-03 06:30:12', '2006-07-24 08:18:30', '1992-11-25 11:10:11', 'Aliquam dolores voluptas tempore.', 'Perferendis praesentium voluptatum sequi est quo.', 2080675, 'Rerum aliquam ipsa ratione aut.', '2019-12-14 17:52:44', '2019-12-14 17:52:44'),
(66, 17, 6, '130_2019', '2015-10-28 23:08:21', '1990-02-12 04:55:51', '1977-04-22 22:58:30', 'Doloremque voluptatum quo velit dolorem quia iure voluptas odit.', 'Culpa vero commodi nihil sunt recusandae perspiciatis voluptas.', 5442315, 'Quos quia molestias voluptate numquam voluptatem officia.', '2019-12-14 17:52:44', '2019-12-14 17:52:44'),
(67, 13, 1, '132_2019', '1977-06-23 01:25:59', '2006-02-14 16:02:51', '1984-08-20 05:59:12', 'Fugit adipisci nihil est.', 'Modi sit necessitatibus nihil vitae.', 7777885, 'Et optio exercitationem debitis error deserunt blanditiis non.', '2019-12-14 17:52:44', '2019-12-14 17:52:44'),
(68, 32, 6, '134_2019', '1999-06-20 18:48:04', '1986-12-11 11:27:32', '2016-05-16 10:32:54', 'Voluptatum repellendus eveniet non et cum similique.', 'Et ut blanditiis dolores culpa impedit in suscipit.', 2907566, 'Ut nostrum molestiae hic aut vitae.', '2019-12-14 17:52:44', '2019-12-14 17:52:44'),
(69, 13, 3, '136_2019', '2007-03-02 13:20:05', '1987-08-17 01:19:52', '1993-10-15 02:12:55', 'Provident perferendis id nulla.', 'Vel nobis veritatis optio est dolor officiis labore et.', 3439855, 'Hic praesentium qui dolorem voluptatem dolores molestiae.', '2019-12-14 17:52:44', '2019-12-14 17:52:44'),
(70, 41, 6, '138_2019', '1994-04-30 07:41:04', '2011-06-19 20:05:09', '1998-05-09 12:26:23', 'Nostrum voluptas nulla id quia et et.', 'Facere quam impedit dignissimos quo asperiores sit cum aspernatur.', 1508918, 'Et porro explicabo esse optio ea est laboriosam.', '2019-12-14 17:52:44', '2019-12-14 17:52:44'),
(71, 18, 4, '140_2019', '1989-05-31 13:54:30', '2011-10-06 07:47:47', '1975-08-23 12:24:36', 'Non excepturi et culpa ut explicabo quasi.', 'Eaque voluptatem expedita voluptatibus ducimus vitae.', 5225162, 'Ratione soluta hic eum sed exercitationem enim.', '2019-12-14 17:52:44', '2019-12-14 17:52:44'),
(72, 14, 6, '142_2019', '1990-11-11 13:55:44', '1987-05-25 00:26:13', '1983-06-16 19:01:54', 'Assumenda repellendus eum hic laudantium sed ea.', 'Nesciunt et autem qui iure et et asperiores.', 4624327, 'Dolores ut facere in perferendis harum.', '2019-12-14 17:52:44', '2019-12-14 17:52:44'),
(73, 38, 7, '144_2019', '1990-07-01 04:52:28', '2017-07-05 07:53:00', '2000-05-13 11:08:36', 'Quis rerum veniam deleniti illo et.', 'Non dolorem velit non tenetur aliquid quis occaecati.', 9768078, 'Error eius officiis ut.', '2019-12-14 17:52:44', '2019-12-14 17:52:44'),
(74, 34, 4, '146_2019', '2010-11-03 01:35:21', '1988-05-01 03:41:35', '1975-04-08 01:55:54', 'Perferendis ab corrupti nemo laudantium ut.', 'Qui quis officia at eligendi sapiente vel.', 2783566, 'Voluptas quia tempora velit expedita quas illo numquam.', '2019-12-14 17:52:44', '2019-12-14 17:52:44'),
(75, 33, 2, '148_2019', '1970-08-17 17:11:22', '2006-09-19 23:20:42', '1991-01-14 03:15:50', 'Provident temporibus tempore dolor optio.', 'Dignissimos distinctio praesentium a ut magni.', 9366193, 'Quaerat enim dolor reiciendis excepturi sunt provident minima.', '2019-12-14 17:52:44', '2019-12-14 17:52:44'),
(76, 11, 3, '150_2019', '2017-03-08 03:14:03', '2016-09-06 12:28:48', '2002-12-20 12:55:28', 'Nulla id et officia eum quia sed.', 'Dolor optio libero qui et corporis.', 2353826, 'Illum culpa eos numquam facere corporis.', '2019-12-14 17:52:44', '2019-12-14 17:52:44'),
(77, 15, 1, '152_2019', '2012-02-14 20:35:37', '2010-02-06 01:37:47', '1970-09-05 21:53:15', 'Voluptas rerum beatae ut id eaque doloribus cumque in.', 'Repellat veritatis eius sit ratione exercitationem.', 5866254, 'Nulla dolore qui minus modi aut qui.', '2019-12-14 17:52:44', '2019-12-14 17:52:44'),
(78, 10, 6, '154_2019', '2012-08-24 10:34:15', '1971-02-20 07:55:15', '1970-01-25 12:10:55', 'Eum accusantium mollitia sequi veritatis alias qui qui.', 'Deleniti perferendis aut officiis unde maiores.', 1581617, 'Sit explicabo id impedit quia omnis a.', '2019-12-14 17:52:44', '2019-12-14 17:52:44'),
(79, 17, 2, '156_2019', '1982-07-06 12:55:02', '2011-10-06 02:59:11', '1988-07-03 12:45:46', 'Odio consequuntur tempora quod ut aut nam dolor.', 'Quos voluptas sunt ea quam qui qui.', 5749373, 'Sequi aut reiciendis et ut quia veritatis sit itaque.', '2019-12-14 17:52:44', '2019-12-14 17:52:44'),
(80, 16, 3, '158_2019', '1970-12-07 05:50:35', '1973-02-16 11:52:41', '2003-04-03 02:44:15', 'Soluta nisi repudiandae nemo voluptatem illo illum.', 'Incidunt rerum eaque aliquam illum facilis ut aut.', 8883678, 'Magnam sunt non adipisci enim.', '2019-12-14 17:52:44', '2019-12-14 17:52:44'),
(81, 10, 1, '160_2019', '1984-02-03 12:53:57', '1995-12-11 02:09:47', '2002-04-07 23:02:08', 'Similique ea ut quaerat molestiae non in tenetur.', 'Omnis rerum sunt et debitis.', 3018219, 'Animi earum et laudantium explicabo minus neque.', '2019-12-14 17:52:44', '2019-12-14 17:52:44'),
(82, 6, 5, '162_2019', '2016-04-28 15:21:55', '1971-03-14 19:02:12', '2011-01-17 08:01:20', 'Placeat illum qui ut ut et.', 'Debitis itaque consequatur cupiditate id et non est unde.', 4877616, 'Excepturi laudantium similique voluptatum delectus sed.', '2019-12-14 17:52:44', '2019-12-14 17:52:44'),
(83, 43, 6, '164_2019', '1991-04-27 15:48:20', '1998-09-09 04:36:08', '2005-10-23 21:11:29', 'Et eius occaecati explicabo ea.', 'Dicta velit ea autem.', 5806617, 'Esse nam esse error aut sunt.', '2019-12-14 17:52:44', '2019-12-14 17:52:44'),
(84, 15, 2, '166_2019', '1972-02-28 09:48:57', '1971-03-19 01:29:44', '1985-10-04 11:26:44', 'Quia dolores sapiente accusamus.', 'Provident molestias ut architecto et rerum dolore.', 5956891, 'Deleniti eligendi dolore sequi minima omnis.', '2019-12-14 17:52:44', '2019-12-14 17:52:44'),
(85, 1, 1, '168_2019', '1985-11-10 03:22:16', '2014-01-22 19:04:16', '1976-11-05 20:47:29', 'Eveniet iusto libero dolores magni sed.', 'Est quae sit assumenda nulla magnam non.', 4492179, 'Corrupti perferendis aut aliquid magnam unde asperiores.', '2019-12-14 17:52:44', '2019-12-14 17:52:44'),
(86, 36, 3, '170_2019', '2007-05-23 10:56:09', '1989-12-02 19:42:41', '2019-02-19 23:13:48', 'Ratione corporis aperiam modi quia quis consectetur.', 'Nostrum qui blanditiis modi laudantium qui.', 1644451, 'Nam harum eius libero nisi error voluptate quia.', '2019-12-14 17:52:44', '2019-12-14 17:52:44'),
(87, 14, 3, '172_2019', '1970-11-16 21:30:42', '1972-05-26 20:07:56', '1988-02-25 23:14:03', 'Est voluptatem dolor ipsam vel qui dolorem.', 'Sed accusantium suscipit est vel sit.', 7471068, 'Quis assumenda numquam esse expedita.', '2019-12-14 17:52:44', '2019-12-14 17:52:44'),
(88, 22, 3, '174_2019', '1983-09-28 00:42:56', '1998-10-28 17:53:49', '1986-06-19 00:07:29', 'Ut dignissimos sed aut fuga et necessitatibus.', 'Dolorem officiis aut rerum ipsa omnis ut exercitationem eum.', 770684, 'Reprehenderit molestiae nisi quia eveniet voluptatem.', '2019-12-14 17:52:44', '2019-12-14 17:52:44'),
(89, 46, 3, '176_2019', '1973-09-18 01:07:44', '2007-03-30 20:55:12', '2007-07-27 22:07:08', 'Quia dolor rerum quis voluptatem quod laboriosam.', 'Eum pariatur quo repellendus qui ducimus rerum dolorum ipsam.', 4421670, 'Est ipsum aut eum rerum dolorem.', '2019-12-14 17:52:44', '2019-12-14 17:52:44'),
(90, 49, 1, '178_2019', '1990-03-02 13:31:44', '1994-07-21 14:42:20', '1995-04-14 04:57:37', 'Fugit ut consequatur pariatur deleniti.', 'Praesentium maiores et magnam molestias fuga beatae quo.', 7073311, 'Et rem aut accusantium facere suscipit est.', '2019-12-14 17:52:44', '2019-12-14 17:52:44'),
(91, 31, 3, '180_2019', '1974-04-17 10:47:51', '2009-03-15 04:57:09', '1990-06-13 06:00:12', 'Asperiores nobis sequi et quas accusamus qui nihil.', 'Quod quo magni maxime enim.', 4375893, 'Iure repellendus molestiae nesciunt tempora et necessitatibus nisi quam.', '2019-12-14 17:52:44', '2019-12-14 17:52:44'),
(92, 38, 4, '182_2019', '2012-09-20 04:49:36', '1984-10-05 21:28:42', '1992-11-06 12:29:17', 'Nihil eligendi beatae culpa qui officia nobis quo.', 'Modi occaecati incidunt aut molestiae adipisci.', 7672917, 'Velit earum unde id adipisci.', '2019-12-14 17:52:44', '2019-12-14 17:52:44'),
(93, 10, 4, '184_2019', '1987-01-10 20:41:50', '1995-01-04 23:00:41', '2019-07-07 01:38:32', 'Dolores esse quasi et.', 'Recusandae aut non ut voluptates illo libero.', 7772157, 'Mollitia repudiandae molestias suscipit et tempora.', '2019-12-14 17:52:44', '2019-12-14 17:52:44'),
(94, 6, 4, '186_2019', '2008-01-22 23:09:28', '1984-12-28 16:27:14', '2009-07-12 16:18:44', 'Fuga consectetur sed labore.', 'In nam sint occaecati consequatur perspiciatis sint similique nisi.', 7994522, 'Dolorem accusantium labore qui quam veniam ducimus.', '2019-12-14 17:52:44', '2019-12-14 17:52:44'),
(95, 27, 1, '188_2019', '2019-01-19 09:32:28', '1989-10-18 11:47:19', '1977-10-09 14:04:40', 'Voluptatum illum at quis voluptatem vero eos.', 'Animi ullam inventore quaerat a eos assumenda.', 3662229, 'Deserunt nihil quia cupiditate laudantium quia dolorem repellat.', '2019-12-14 17:52:44', '2019-12-14 17:52:44'),
(96, 5, 2, '190_2019', '1972-07-29 19:00:44', '2014-05-20 09:27:38', '1981-03-04 07:17:34', 'Dolores nihil voluptatem omnis ab aliquid.', 'Nobis alias fugiat aliquid sint iusto in.', 3964912, 'Iusto consectetur tempora quas at ducimus.', '2019-12-14 17:52:44', '2019-12-14 17:52:44'),
(97, 49, 4, '192_2019', '1983-07-07 21:54:15', '1982-08-02 14:17:35', '2013-12-14 13:07:53', 'Est sit praesentium temporibus unde quos.', 'Et natus soluta sit voluptate.', 7427363, 'Fugiat voluptates quis praesentium.', '2019-12-14 17:52:44', '2019-12-14 17:52:44'),
(98, 31, 3, '194_2019', '1976-01-25 20:18:20', '1998-01-22 10:43:24', '1987-10-06 09:13:28', 'Dignissimos consequatur ea mollitia sequi fugit molestiae voluptate.', 'Voluptatem dignissimos esse natus sint reprehenderit.', 4608368, 'Est similique ducimus possimus qui omnis.', '2019-12-14 17:52:44', '2019-12-14 17:52:44'),
(99, 22, 5, '196_2019', '1990-07-31 06:32:00', '1978-12-07 11:06:40', '1996-01-26 15:45:27', 'Necessitatibus fuga maiores cum cum adipisci assumenda molestias explicabo.', 'Quis reprehenderit rerum autem harum est.', 8083186, 'Dolor cumque voluptas nostrum ratione et placeat aut.', '2019-12-14 17:52:44', '2019-12-14 17:52:44'),
(100, 40, 1, '198_2019', '1985-08-07 03:14:17', '1998-04-05 19:28:05', '2008-12-25 18:33:53', 'Asperiores fuga quo optio et deserunt soluta.', 'Consequatur sed quis quam rerum.', 7156500, 'Sapiente blanditiis aut vero deserunt voluptatem.', '2019-12-14 17:52:44', '2019-12-14 17:52:44'),
(101, 9, 2, '200_2019', '1992-06-10 05:47:19', '1999-11-05 00:53:59', '2015-12-03 00:35:14', 'Et rem repellat iste officiis earum.', 'Tempora aut quod magnam est officiis.', 4492854, 'Minima omnis quibusdam corrupti maxime voluptas.', '2019-12-14 17:52:44', '2019-12-14 17:52:44'),
(102, 21, 2, '202_2019', '1989-01-19 01:15:56', '2006-09-13 23:12:34', '1983-06-15 07:26:38', 'Enim aliquid rerum porro labore minus.', 'Blanditiis exercitationem porro officiis fugit voluptatem et quaerat.', 7526356, 'Hic aspernatur blanditiis et dolorem qui.', '2019-12-14 17:52:44', '2019-12-14 17:52:44'),
(103, 39, 2, '204_2019', '2008-04-03 19:24:16', '2000-09-28 23:43:12', '1975-02-25 16:10:04', 'Eos minus aut quisquam blanditiis rerum et.', 'Qui sequi aut temporibus nam.', 7995721, 'Aut tenetur ea dolores fugit dolorem quasi sed nesciunt.', '2019-12-14 17:52:44', '2019-12-14 17:52:44'),
(104, 47, 5, '206_2019', '1997-12-14 12:17:40', '2017-08-30 11:31:35', '2015-02-06 07:37:18', 'Qui at quo ut eum qui eos eius non.', 'Dolorem exercitationem qui est nihil pariatur nobis.', 8969120, 'Eaque sint delectus et sit velit et sequi.', '2019-12-14 17:52:44', '2019-12-14 17:52:44'),
(105, 5, 1, '208_2019', '1978-10-13 17:08:11', '2005-08-11 13:47:00', '2014-11-17 11:04:16', 'Ratione accusantium dicta praesentium ut beatae suscipit.', 'Eum incidunt qui enim harum culpa.', 4302902, 'Omnis quae doloribus optio deserunt est et consequuntur.', '2019-12-14 17:52:44', '2019-12-14 17:52:44'),
(106, 28, 7, '210_2019', '2003-08-04 18:28:31', '2007-07-17 15:19:03', '1999-12-10 15:33:48', 'Nesciunt est cupiditate et enim magnam.', 'Illum at exercitationem voluptatum incidunt.', 4135783, 'Consequatur ducimus sint est sint unde.', '2019-12-14 17:52:44', '2019-12-14 17:52:44'),
(107, 6, 1, '212_2019', '1981-09-11 02:27:51', '1979-11-28 08:29:23', '2000-11-11 11:52:24', 'Nobis eum sequi dignissimos et atque omnis dolorem nihil.', 'Laudantium quo illum officia tenetur.', 9029593, 'Eaque eveniet in laudantium est deleniti laborum ex.', '2019-12-14 17:52:44', '2019-12-14 17:52:44'),
(108, 15, 1, '214_2019', '1991-06-04 12:04:49', '1979-03-07 17:58:13', '2007-10-14 15:21:22', 'Sit iusto non saepe deleniti beatae qui eius quaerat.', 'Voluptatem iusto aliquid quia voluptatibus.', 4204426, 'Qui quis tempora amet soluta unde voluptas omnis nihil.', '2019-12-14 17:52:44', '2019-12-14 17:52:44'),
(109, 33, 6, '216_2019', '2019-10-29 10:10:20', '1988-01-15 16:54:17', '2013-05-24 06:13:33', 'Exercitationem cumque beatae et amet molestias asperiores velit.', 'Voluptate ipsa voluptatem et voluptas consequuntur est.', 6217429, 'A veniam sint dolorem reiciendis beatae minus.', '2019-12-14 17:52:44', '2019-12-14 17:52:44'),
(110, 27, 7, '218_2019', '1979-01-21 22:46:27', '2002-03-19 03:05:22', '1977-12-27 22:46:15', 'Qui voluptatum eaque debitis minima.', 'Dolore id eos animi soluta libero.', 5275150, 'Hic voluptatum consequatur quasi ipsam qui qui ullam sit.', '2019-12-14 17:52:44', '2019-12-14 17:52:44'),
(111, 9, 2, '220_2019', '1999-12-09 22:47:01', '1995-07-01 17:56:42', '2017-08-01 21:46:40', 'Nesciunt voluptatibus aut iste minima rerum.', 'Quis perferendis reiciendis cumque et eius.', 4456324, 'Vel et aut sit.', '2019-12-14 17:52:44', '2019-12-14 17:52:44'),
(112, 13, 6, '222_2019', '2017-05-27 08:18:22', '1993-12-29 16:47:24', '1994-11-23 14:21:03', 'Quidem distinctio molestias voluptatibus et.', 'Fugiat commodi non enim illum ex impedit.', 4416767, 'Soluta exercitationem provident ipsa neque veritatis nesciunt.', '2019-12-14 17:52:45', '2019-12-14 17:52:45'),
(113, 12, 2, '224_2019', '1995-07-04 16:47:47', '1993-11-21 04:33:49', '1996-11-03 04:28:55', 'Asperiores architecto aliquid ut sit aspernatur.', 'Molestiae veritatis est commodi suscipit quam rerum qui.', 4731842, 'Ut autem commodi quisquam nihil facere doloremque sed.', '2019-12-14 17:52:45', '2019-12-14 17:52:45'),
(114, 14, 7, '226_2019', '1994-07-28 15:24:03', '1975-11-23 15:22:54', '1971-09-17 08:41:33', 'Dolorem blanditiis hic omnis et quia.', 'Dolores porro sapiente ipsum mollitia iure eligendi minima.', 9417463, 'Quia repudiandae ea nulla voluptas vel.', '2019-12-14 17:52:45', '2019-12-14 17:52:45'),
(115, 7, 5, '228_2019', '2006-06-20 09:53:45', '1995-06-24 22:32:01', '2004-03-14 11:09:28', 'Ut cupiditate natus sunt dolore esse.', 'Sed ut molestias optio nihil id porro sunt magnam.', 1774460, 'Id ea aut repellendus assumenda unde veritatis.', '2019-12-14 17:52:45', '2019-12-14 17:52:45'),
(116, 21, 1, '230_2019', '2019-11-12 19:53:35', '1993-09-17 06:39:24', '1983-03-27 01:37:09', 'Voluptatum nemo vel accusantium ut.', 'Optio illum facere vel quia laborum voluptatem quidem repudiandae.', 2970563, 'Et necessitatibus nisi odio sit id quisquam.', '2019-12-14 17:52:45', '2019-12-14 17:52:45'),
(117, 32, 7, '232_2019', '1984-01-31 10:07:47', '2017-09-09 00:30:14', '2007-02-12 22:24:50', 'Et similique et et pariatur et id est.', 'Accusamus minima omnis deserunt et illo eligendi quos.', 4333525, 'Ducimus odio culpa ut illum vero consequatur distinctio.', '2019-12-14 17:52:45', '2019-12-14 17:52:45'),
(118, 47, 2, '234_2019', '2014-02-12 17:41:06', '1979-09-01 05:40:33', '1995-11-27 14:11:54', 'Facere aspernatur nisi id qui accusamus.', 'Beatae nam minima assumenda in.', 8174579, 'Excepturi eveniet culpa est debitis aut enim.', '2019-12-14 17:52:45', '2019-12-14 17:52:45'),
(119, 49, 4, '236_2019', '1971-06-05 07:50:39', '1988-08-21 11:53:00', '1971-07-07 23:41:13', 'Non atque molestias inventore sed nisi.', 'Ut nihil quia explicabo rerum.', 2220677, 'Repudiandae ea non quidem at distinctio.', '2019-12-14 17:52:45', '2019-12-14 17:52:45'),
(120, 29, 4, '238_2019', '2006-11-10 04:40:47', '1990-11-16 16:17:04', '1983-07-21 13:42:39', 'Repellendus animi non ex quae.', 'Est qui veniam doloremque est ratione qui.', 4445727, 'Sed sunt explicabo omnis in repellat consectetur.', '2019-12-14 17:52:45', '2019-12-14 17:52:45'),
(121, 36, 5, '240_2019', '1981-01-16 11:19:05', '2014-03-30 11:10:29', '1987-09-09 17:49:34', 'Ea dolores laudantium et unde labore ut laborum et.', 'Sint eum aut dolorem et quam voluptatem non.', 5405574, 'Alias aut voluptatem quisquam aut eius.', '2019-12-14 17:52:45', '2019-12-14 17:52:45'),
(122, 24, 3, '242_2019', '2013-06-12 14:51:08', '1987-12-11 16:10:27', '1986-01-29 01:08:45', 'Ratione totam quam incidunt aliquid quia.', 'Quo perferendis aperiam laborum autem voluptas omnis aut.', 1745991, 'Provident officiis qui reiciendis.', '2019-12-14 17:52:45', '2019-12-14 17:52:45'),
(123, 33, 7, '244_2019', '2017-09-11 14:30:42', '1975-11-06 02:03:37', '1977-02-26 17:08:10', 'Sunt repellendus eius est quia dicta.', 'In sed sit et necessitatibus deleniti.', 2985411, 'Tempora nemo amet quis ipsum quo beatae consequatur earum.', '2019-12-14 17:52:45', '2019-12-14 17:52:45'),
(124, 47, 2, '246_2019', '2015-02-03 03:37:55', '1996-06-19 01:05:19', '1992-05-16 04:30:19', 'Accusamus vel nesciunt adipisci sapiente tempora tempora debitis animi.', 'Aut ex ut ut dolorem officia.', 5320010, 'Ex eum ea id ut porro reiciendis.', '2019-12-14 17:52:45', '2019-12-14 17:52:45'),
(125, 46, 5, '248_2019', '1987-10-12 23:24:31', '1982-10-09 05:49:36', '2000-06-27 16:39:06', 'Labore quae quia quas consectetur.', 'Ea maiores et blanditiis et voluptatem.', 5954081, 'Earum odio ratione incidunt occaecati perferendis.', '2019-12-14 17:52:45', '2019-12-14 17:52:45'),
(126, 24, 6, '250_2019', '1970-09-06 03:17:17', '2017-02-06 08:38:51', '1972-02-18 04:36:51', 'Cupiditate et sint veniam est et.', 'Explicabo distinctio neque ipsa ut eius.', 7178785, 'Deserunt quas quod eius.', '2019-12-14 17:52:45', '2019-12-14 17:52:45'),
(127, 44, 2, '252_2019', '2001-12-19 18:50:23', '1971-04-26 03:28:22', '1995-08-04 11:11:40', 'Recusandae possimus eius pariatur non.', 'Eveniet odit sapiente cupiditate dignissimos.', 3203323, 'Ut praesentium quas rerum voluptatem doloremque aspernatur.', '2019-12-14 17:52:45', '2019-12-14 17:52:45'),
(128, 39, 4, '254_2019', '1995-09-13 17:59:44', '2004-12-06 13:50:06', '1995-09-30 23:02:43', 'Quasi voluptas culpa dolores blanditiis labore velit.', 'Consequuntur quibusdam molestiae illo.', 7386745, 'Culpa debitis inventore tempora facere perspiciatis aliquid eos sit.', '2019-12-14 17:52:45', '2019-12-14 17:52:45'),
(129, 24, 3, '256_2019', '2011-07-23 18:42:06', '1970-09-22 17:05:44', '1990-01-03 07:47:08', 'Facilis nesciunt atque assumenda nisi est error qui.', 'Odit provident quibusdam et ea labore veritatis.', 813949, 'Tenetur sunt eum atque.', '2019-12-14 17:52:45', '2019-12-14 17:52:45'),
(130, 28, 7, '258_2019', '2002-03-05 03:37:01', '2016-03-16 18:50:59', '1984-04-10 08:18:16', 'Sed ea tenetur odit aut iusto qui ea.', 'Qui esse provident optio voluptatem ducimus delectus.', 6626709, 'Eius incidunt tempora id dolores quasi sit.', '2019-12-14 17:52:45', '2019-12-14 17:52:45'),
(131, 17, 4, '260_2019', '2016-07-17 23:53:53', '1990-06-28 11:35:02', '1985-02-12 20:17:11', 'Laboriosam sint est mollitia perspiciatis fugit vitae consequuntur ut.', 'Sed non et vitae quis.', 8972072, 'Velit perferendis officiis dolorum placeat illo voluptates labore repellendus.', '2019-12-14 17:52:45', '2019-12-14 17:52:45'),
(132, 10, 5, '262_2019', '1975-08-06 02:45:39', '1977-03-28 14:43:52', '1991-02-06 01:49:33', 'Omnis nihil recusandae quos quia incidunt facere sed et.', 'Aut ut quas porro quo facilis corporis enim.', 3439325, 'Qui sapiente quis dolor incidunt modi.', '2019-12-14 17:52:45', '2019-12-14 17:52:45'),
(133, 26, 3, '264_2019', '1999-08-22 21:58:34', '1972-03-30 06:19:13', '2002-12-08 01:15:44', 'Molestiae facere ipsa similique quibusdam laudantium dolorum mollitia.', 'Ratione praesentium quidem sint dolores recusandae quia qui.', 528133, 'Libero cumque rem architecto eos quo aliquid commodi.', '2019-12-14 17:52:45', '2019-12-14 17:52:45'),
(134, 39, 1, '266_2019', '2010-08-09 19:15:18', '1994-01-31 13:18:00', '1985-09-28 09:50:43', 'Saepe nulla impedit eveniet molestias qui non et unde.', 'Eos consequatur ratione accusantium perspiciatis et.', 6784911, 'Nisi quia quidem cupiditate accusamus.', '2019-12-14 17:52:45', '2019-12-14 17:52:45'),
(135, 47, 2, '268_2019', '1996-08-19 11:07:48', '1980-06-09 13:12:52', '2003-08-25 03:12:24', 'Qui provident aspernatur facilis.', 'Repellendus reiciendis et in.', 3982426, 'Necessitatibus reprehenderit eius id consequatur reprehenderit.', '2019-12-14 17:52:45', '2019-12-14 17:52:45'),
(136, 17, 1, '270_2019', '1971-08-03 13:23:50', '2001-08-12 21:32:20', '2002-09-18 14:23:00', 'Possimus repellat aut ex ea eum.', 'Vitae repudiandae expedita amet esse.', 5055507, 'Ducimus sapiente assumenda qui minus vel.', '2019-12-14 17:52:45', '2019-12-14 17:52:45'),
(137, 26, 4, '272_2019', '2000-06-14 14:49:41', '2008-10-22 10:14:04', '2009-06-11 18:02:52', 'Est sunt voluptatem est quos ipsa.', 'Voluptas magnam harum quia sit quis beatae eaque.', 1587482, 'Quia in alias ipsam reiciendis tempora consequatur officia.', '2019-12-14 17:52:45', '2019-12-14 17:52:45'),
(138, 30, 6, '274_2019', '2010-04-20 13:55:41', '2007-09-26 02:12:04', '1981-01-21 06:05:07', 'Voluptatum voluptates atque in sed cupiditate nobis ad asperiores.', 'Magnam et quaerat quidem quidem.', 255386, 'A non incidunt ratione officiis.', '2019-12-14 17:52:45', '2019-12-14 17:52:45'),
(139, 45, 6, '276_2019', '2004-09-13 16:25:02', '1978-04-24 17:25:22', '1987-01-10 21:14:06', 'Earum sit ipsum perferendis at eaque.', 'Cum est et excepturi sit ea explicabo voluptatem dolorum.', 5951886, 'Omnis voluptas et officiis quasi.', '2019-12-14 17:52:45', '2019-12-14 17:52:45'),
(140, 40, 3, '278_2019', '2004-04-06 04:52:39', '1996-03-13 13:59:26', '2006-07-23 05:44:14', 'Optio accusamus consequatur omnis atque.', 'Qui pariatur voluptas laudantium dolorum hic expedita.', 4920236, 'Nihil et repellendus sapiente saepe labore voluptates repellendus.', '2019-12-14 17:52:45', '2019-12-14 17:52:45'),
(141, 14, 4, '280_2019', '1990-07-23 04:57:45', '2013-08-11 02:39:03', '1998-09-09 23:42:05', 'Tempora sunt consequatur delectus reprehenderit dolor voluptatem iste numquam.', 'Quaerat quibusdam magnam eos consequatur culpa quisquam.', 652273, 'Tempora magnam quas soluta tenetur.', '2019-12-14 17:52:45', '2019-12-14 17:52:45'),
(142, 36, 6, '282_2019', '1992-09-05 08:46:13', '1998-09-20 17:04:51', '1975-12-04 16:46:22', 'Eum similique nihil ea placeat.', 'Ipsam ea doloribus quas dicta consequatur libero sapiente.', 1299527, 'Tempora et et laborum non ab aliquam qui.', '2019-12-14 17:52:45', '2019-12-14 17:52:45'),
(143, 43, 5, '284_2019', '1999-02-28 20:07:47', '2013-12-27 18:47:15', '1987-07-28 16:02:48', 'A tempore quod esse in consequatur.', 'Delectus facere unde fuga labore repellendus perferendis unde.', 1654342, 'Similique temporibus possimus optio quaerat cum.', '2019-12-14 17:52:45', '2019-12-14 17:52:45'),
(144, 4, 7, '286_2019', '2017-09-29 16:14:41', '1992-08-16 00:00:26', '1973-02-18 02:55:10', 'Dolores voluptas consequatur dolorem atque quaerat beatae voluptas.', 'Inventore vel excepturi eligendi explicabo et.', 7254364, 'Quo sed odio quia doloribus voluptatem.', '2019-12-14 17:52:45', '2019-12-14 17:52:45'),
(145, 7, 1, '288_2019', '1981-08-12 09:29:40', '1994-06-21 04:23:45', '1971-07-17 00:55:35', 'Itaque culpa porro eum id.', 'Voluptates vel optio eum.', 5920337, 'Saepe blanditiis a ad provident reiciendis et assumenda quia.', '2019-12-14 17:52:45', '2019-12-14 17:52:45'),
(146, 41, 3, '290_2019', '1979-05-19 00:36:32', '2012-03-14 13:49:16', '1997-12-04 01:35:41', 'Numquam est magni aliquid et alias aliquid molestiae.', 'Quam laborum necessitatibus repellendus sapiente non beatae consectetur molestiae.', 941533, 'Maiores cumque sit a dolorem dicta ipsum ut.', '2019-12-14 17:52:45', '2019-12-14 17:52:45'),
(147, 44, 2, '292_2019', '2006-11-12 05:00:17', '1980-07-18 16:25:02', '2008-08-18 16:18:40', 'Expedita reprehenderit mollitia quam voluptatem aut.', 'Laborum ad inventore ut fuga.', 2274520, 'Quia eligendi sit ipsa libero.', '2019-12-14 17:52:45', '2019-12-14 17:52:45'),
(148, 7, 7, '294_2019', '1989-06-23 08:54:14', '2009-02-19 18:08:11', '2010-01-30 17:18:38', 'Quo necessitatibus maxime vitae quia.', 'Et debitis esse amet et amet et amet voluptatem.', 404894, 'Magnam esse quia enim expedita.', '2019-12-14 17:52:45', '2019-12-14 17:52:45'),
(149, 48, 7, '296_2019', '2007-12-29 08:07:34', '2008-04-09 13:38:37', '2003-11-08 13:26:40', 'Voluptatem voluptatem corporis exercitationem.', 'Eum alias quia ut.', 1696852, 'Odit sit quia at repellat.', '2019-12-14 17:52:45', '2019-12-14 17:52:45'),
(150, 19, 7, '298_2019', '1988-11-23 12:23:10', '1975-04-25 22:29:07', '2017-08-28 02:46:08', 'Dolores neque facere praesentium quam voluptatum ea veritatis.', 'Animi nihil aliquid voluptatem.', 7708572, 'Officia et rerum autem sequi est consequatur ratione.', '2019-12-14 17:52:45', '2019-12-14 17:52:45'),
(151, 16, 3, '300_2019', '2008-11-26 18:21:33', '1994-10-07 11:55:48', '2014-01-09 21:54:13', 'Illum odit praesentium sed veritatis ut delectus.', 'Iure suscipit et qui consectetur qui eos.', 4640928, 'Labore dolorem hic sit consequatur.', '2019-12-14 17:52:45', '2019-12-14 17:52:45'),
(152, 19, 2, '302_2019', '1972-12-13 23:27:24', '2015-05-31 23:59:42', '1983-01-16 17:02:56', 'Illum velit quasi non autem nulla et culpa.', 'Consequatur recusandae eum placeat dolor voluptatibus consequatur.', 5547485, 'A cum laboriosam voluptatem tempora aut asperiores.', '2019-12-14 17:52:45', '2019-12-14 17:52:45'),
(153, 35, 5, '304_2019', '2008-10-27 17:14:58', '1973-02-17 22:34:53', '1975-02-24 04:58:22', 'Suscipit in praesentium distinctio similique voluptas sit et.', 'Deleniti eum maxime est facere quis veniam.', 3103015, 'Sed in facilis autem autem qui ea perferendis.', '2019-12-14 17:52:45', '2019-12-14 17:52:45'),
(154, 50, 2, '306_2019', '1984-05-28 13:23:25', '1975-11-09 07:17:17', '2012-08-10 02:45:40', 'Alias praesentium similique autem nemo consectetur sapiente magnam.', 'Odit ut voluptas quo sint ut possimus consequatur.', 6953389, 'Quisquam sint et a assumenda sit culpa.', '2019-12-14 17:52:45', '2019-12-14 17:52:45'),
(155, 15, 7, '308_2019', '2012-03-28 20:41:01', '1971-03-06 19:42:47', '2016-05-27 14:31:03', 'Maiores in eligendi labore deleniti aut perspiciatis.', 'Assumenda eveniet impedit dolor est.', 1079300, 'Molestiae cupiditate ex et omnis.', '2019-12-14 17:52:45', '2019-12-14 17:52:45'),
(156, 41, 7, '310_2019', '1987-10-13 04:31:03', '1970-10-29 11:21:08', '2018-07-09 16:56:37', 'Qui similique fugit cupiditate maxime.', 'Atque ratione voluptatum modi dolor sed incidunt.', 3010496, 'Veritatis necessitatibus et totam corrupti.', '2019-12-14 17:52:45', '2019-12-14 17:52:45'),
(157, 33, 3, '312_2019', '2004-10-04 10:38:56', '1981-10-31 11:21:40', '1981-10-28 11:19:34', 'Nam perferendis ea iste suscipit repellendus expedita eius.', 'Laborum recusandae ipsa non nihil fugiat ipsam.', 6999986, 'Aut nam qui hic error.', '2019-12-14 17:52:46', '2019-12-14 17:52:46'),
(158, 20, 4, '314_2019', '1974-08-02 18:18:27', '1981-03-28 01:48:00', '2017-11-30 11:36:38', 'Vero rem illum vero cumque quisquam tempore.', 'Possimus odio asperiores reiciendis unde ipsum.', 3971873, 'Quos consequatur non neque non quo explicabo ut.', '2019-12-14 17:52:46', '2019-12-14 17:52:46'),
(159, 17, 1, '316_2019', '1976-01-11 06:57:45', '2015-07-14 13:08:54', '1997-11-27 11:56:41', 'Rem dignissimos vel ipsa magni et et est.', 'Natus eos neque voluptate.', 4323470, 'Consequatur est hic pariatur ea.', '2019-12-14 17:52:46', '2019-12-14 17:52:46'),
(160, 5, 5, '318_2019', '1978-01-03 21:59:46', '1978-04-06 11:29:28', '1972-08-07 20:28:11', 'Accusantium dolorem nihil rerum ratione.', 'Sint deserunt repudiandae eveniet doloremque aspernatur.', 2312144, 'Et id atque impedit voluptate.', '2019-12-14 17:52:46', '2019-12-14 17:52:46'),
(161, 22, 2, '320_2019', '2006-07-19 10:31:25', '1979-10-24 18:56:40', '1990-06-01 10:53:16', 'Sint quos tenetur ducimus iste cum vel.', 'Est doloremque inventore animi et illo.', 294777, 'Consectetur nemo corporis ea et recusandae dignissimos.', '2019-12-14 17:52:46', '2019-12-14 17:52:46'),
(162, 47, 7, '322_2019', '2013-04-22 03:11:01', '1976-12-14 14:41:11', '1979-08-11 18:37:28', 'Voluptatum placeat est id accusantium.', 'Voluptatem molestiae a quis id.', 6038103, 'Unde ea est expedita qui nam alias.', '2019-12-14 17:52:46', '2019-12-14 17:52:46'),
(163, 28, 2, '324_2019', '1973-10-05 07:59:29', '1993-09-06 02:01:15', '1973-06-24 23:53:28', 'In nulla distinctio id ut.', 'Praesentium quia et illo voluptate cum sit unde.', 8048021, 'Saepe dolor laboriosam eos qui vel et.', '2019-12-14 17:52:46', '2019-12-14 17:52:46'),
(164, 7, 7, '326_2019', '2011-06-01 10:17:50', '2018-01-18 21:48:57', '1991-10-19 03:13:15', 'Voluptatem in et commodi sint quia.', 'Quibusdam voluptas quaerat eum praesentium sit at.', 9630524, 'Sunt voluptas ipsa pariatur voluptatem.', '2019-12-14 17:52:46', '2019-12-14 17:52:46'),
(165, 11, 2, '328_2019', '1996-05-27 10:40:48', '2006-02-04 04:56:11', '2003-09-09 16:11:01', 'Rerum repudiandae nam voluptate qui ipsum molestiae quia asperiores.', 'Sapiente labore explicabo nulla quasi nisi.', 6986595, 'Omnis quis consequuntur placeat voluptas consequatur omnis beatae ut.', '2019-12-14 17:52:46', '2019-12-14 17:52:46'),
(166, 44, 1, '330_2019', '2002-03-16 12:26:50', '2011-06-27 17:28:49', '1996-01-04 03:51:07', 'Officia iusto soluta voluptas fuga rem natus similique.', 'Maiores quia voluptas est dolor nam ullam.', 8229798, 'Enim fuga ullam quis enim soluta quam vel.', '2019-12-14 17:52:46', '2019-12-14 17:52:46'),
(167, 33, 3, '332_2019', '1971-04-21 11:20:13', '1972-03-20 00:41:48', '2018-12-29 13:34:03', 'Consectetur et ut rem quisquam.', 'Qui quaerat odio reprehenderit aut voluptatem.', 9883817, 'Aut dolores explicabo vero.', '2019-12-14 17:52:46', '2019-12-14 17:52:46'),
(168, 32, 2, '334_2019', '2017-06-23 19:33:57', '1988-01-12 07:53:19', '2019-06-20 00:52:58', 'Ut aut laborum quae quia perferendis quia.', 'Ut hic qui sint culpa iste maiores maxime voluptate.', 6367409, 'Praesentium dicta eum corrupti sunt sunt est eaque atque.', '2019-12-14 17:52:46', '2019-12-14 17:52:46'),
(169, 25, 4, '336_2019', '1970-02-18 08:31:50', '2000-12-03 10:29:14', '1985-08-18 01:33:33', 'Id illo officia atque dolor et rerum.', 'Dolores possimus est natus maiores ipsam.', 4550070, 'Ea velit est pariatur sit ea laboriosam sunt.', '2019-12-14 17:52:46', '2019-12-14 17:52:46'),
(170, 37, 7, '338_2019', '2000-01-03 17:26:39', '2006-12-26 08:19:48', '1987-09-19 12:54:02', 'Qui velit odio voluptas suscipit sapiente.', 'Ullam et delectus molestiae et illum necessitatibus sed.', 957386, 'Perspiciatis eum possimus dolor porro.', '2019-12-14 17:52:46', '2019-12-14 17:52:46'),
(171, 39, 7, '340_2019', '1974-10-30 13:40:55', '1989-03-07 11:57:50', '1985-08-29 17:10:44', 'Porro asperiores corrupti hic et.', 'Fuga minima blanditiis ipsam occaecati.', 1860971, 'Est in dolores saepe nemo.', '2019-12-14 17:52:46', '2019-12-14 17:52:46');
INSERT INTO `contracts` (`id`, `user_id`, `contract_type_id`, `number_contract`, `generation_date`, `contract_start_date`, `contract_end_date`, `contract_term`, `way_pay`, `contract_total_pay`, `contract_information_term`, `created_at`, `updated_at`) VALUES
(172, 28, 3, '342_2019', '1972-05-31 05:39:44', '2009-08-23 23:28:35', '2003-08-04 06:27:40', 'Ut quia consectetur quod quis itaque id.', 'Non deserunt ut omnis doloremque aut vel non.', 1706944, 'Aut voluptate suscipit et non rerum.', '2019-12-14 17:52:46', '2019-12-14 17:52:46'),
(173, 6, 3, '344_2019', '2013-06-04 05:41:21', '2016-07-07 03:41:05', '1972-01-03 13:54:14', 'Quidem aperiam repellat ad consequuntur ratione et velit.', 'Non voluptas ut quas ut culpa deleniti.', 6143847, 'Quis rerum dolorem repellendus quia.', '2019-12-14 17:52:46', '2019-12-14 17:52:46'),
(174, 12, 3, '346_2019', '2006-03-05 13:01:45', '1996-06-14 15:37:30', '2009-06-03 02:10:12', 'Totam aliquam eos qui consequatur.', 'Animi debitis facilis rerum tenetur eligendi fugiat neque.', 5381364, 'Natus officia perspiciatis temporibus tempora et et ad.', '2019-12-14 17:52:46', '2019-12-14 17:52:46'),
(175, 50, 1, '348_2019', '1978-02-04 13:42:04', '1981-08-16 11:15:51', '2018-02-04 08:06:44', 'Ab eos debitis incidunt autem.', 'Aperiam atque aut asperiores cum debitis commodi.', 1445989, 'Aliquam fugit rerum maiores iste dolor.', '2019-12-14 17:52:46', '2019-12-14 17:52:46');

-- --------------------------------------------------------

--
-- Estructura de tabla para la tabla `contract_types`
--

CREATE TABLE `contract_types` (
  `id` int(10) UNSIGNED NOT NULL,
  `contract_code` varchar(255) COLLATE utf8mb4_unicode_ci NOT NULL,
  `introductory_text` text COLLATE utf8mb4_unicode_ci NOT NULL,
  `specific_obligations` text COLLATE utf8mb4_unicode_ci NOT NULL,
  `object_contract` text COLLATE utf8mb4_unicode_ci NOT NULL,
  `seals` varchar(255) COLLATE utf8mb4_unicode_ci NOT NULL,
  `created_at` timestamp NULL DEFAULT NULL,
  `updated_at` timestamp NULL DEFAULT NULL
) ENGINE=InnoDB DEFAULT CHARSET=utf8mb4 COLLATE=utf8mb4_unicode_ci;

--
-- Volcado de datos para la tabla `contract_types`
--

INSERT INTO `contract_types` (`id`, `contract_code`, `introductory_text`, `specific_obligations`, `object_contract`, `seals`, `created_at`, `updated_at`) VALUES
(1, '8706', 'Que el (la) se침or(a) _, identificado (a) con _ No. _ de Bogot치 DC, celebr칩 con EL SERVICIO NACIONAL DE APRENDIZAJE SENA, el (los) siguiente(s) contrato(s) de prestaci칩n de servicios personales regulados por la Ley 80 de 1993 (Estatuto General de Contrataci칩n de la Administraci칩n P칰blica), modificada por la Ley 1150 de 2007, Decreto 1082 de 2015 y sus dem치s decretos o normas reglamentarias, como se describe a continuaci칩n:', '1. Participar en aspectos t칠cnicos para el 치rea de electricidad. 2. Apoyar en el montaje, implementaci칩n, mantenimiento, de material did치ctico. 3. Apoyar el acompa침amiento y brindar soporte al centro de formaci칩n en la ejecuci칩n de procesos del 치rea el칠ctrica, 4. Apoyar en el suministro de la informaci칩n a los instrumentos, insumos y documentos requeridos para la transferencia de Conocimiento. 5. Presentar informes peri칩dicos sobre las actividades realizadas ante las dependencias y entidades que lo requieran. 6. Participar de las reuniones y actividades que sean requeridas para la adecuada ejecuci칩n del contrato. 7. Las dem치s que se requieran para desarrollar el objeto del contrato', 'La prestaci칩n de servicios personales para apoyar a las regionales y al centro de electricidad electr칩nica ytelecomunicaciones en aspectos tecnol칩gicos para la participaci칩n del Sena en competencias de alto rendimiento en habilidades worldskills. ', 'tmp/seals/$2y$10$JntTsmUOlE1o2q/lisqdseSLlLV89GIYqoEzB3k9bonBABxQXTChq.jpg', '2019-12-14 17:52:20', '2019-12-14 17:52:20'),
(2, '8564', 'Modi ea voluptatem autem quas ut pariatur. Nostrum delectus sint excepturi voluptatem omnis rerum. Suscipit incidunt et veritatis illum quidem itaque. Quia libero et consequatur. Dolor adipisci et quos repellat aliquid voluptas. Et eos iste in. Exercitationem nihil architecto vel inventore voluptatum. Omnis suscipit aut sequi fugit. Doloribus porro corporis qui dolorem dignissimos rerum nulla. Harum cupiditate facere tenetur nemo adipisci voluptatem. Doloribus voluptatem autem dignissimos iste. Reprehenderit beatae beatae eaque consectetur repellat aperiam. Quod atque dolorum voluptas iure tempora cum est. Eum vel doloremque ut sequi autem. Facilis fugiat consequatur harum. Adipisci adipisci maiores molestias nihil qui. Quibusdam voluptatibus deleniti assumenda. Perferendis est neque dolorum ratione et sit quod. Et quis facilis ducimus facilis doloribus. Molestiae quia iusto est cum illum sunt. Dicta facilis modi provident autem possimus eos. Velit beatae fugiat libero cupiditate corrupti voluptas dolores. Sapiente minima eum ea fugit velit. Quo culpa id pariatur ab quia.', '1. Qui quis temporibus tempora et ipsam impedit quaerat voluptatem. 2. Quam ut quia ex quibusdam error dolor. 3. Magnam esse ut eius atque magni aut adipisci. 4. Veniam rem in voluptatem hic ea omnis. 5. Ducimus tempore ullam animi aut sed. 6. Ea veniam qui nemo explicabo sed. 7. Cum pariatur ab optio. ', 'Nemo qui at adipisci id. Eius nihil a molestiae quos delectus. Veniam non ea officiis illum in blanditiis laboriosam. Eaque placeat saepe consequatur magnam quibusdam. Excepturi nobis quia eius et. Libero facere quo ut minus ea et nobis. Animi nulla et vero. Ut animi voluptates provident nihil sapiente aut enim. Omnis recusandae adipisci ut voluptatum.', 'tmp/seals/$2y$10$ui6twMkvx9dEhpuUwDng8OnUKKiJvX7bpNpczeiOtFwhx8eQUzmsu.jpg', '2019-12-14 17:52:20', '2019-12-14 17:52:20'),
(3, '5950', 'Vel non molestiae aut nesciunt commodi quae. Maiores qui eos aut quia. Vitae quia asperiores quo rerum in deleniti. Voluptatem non magnam doloribus dolorem eum. Tempora nobis vel voluptatem ut. Ut blanditiis dicta veritatis. Distinctio aliquid dicta officiis omnis nobis. Est velit quia ullam. Enim vitae quam quod dolores aut facere eveniet. Est dolorem occaecati nobis accusamus libero ea iusto. Soluta qui minus est qui sed voluptates cupiditate. Exercitationem aut inventore nesciunt amet delectus atque et nulla. Sed numquam ipsam est architecto soluta. Enim reprehenderit in cumque sint qui possimus earum. Quia eum animi rerum. Sunt et id temporibus aut veritatis. Et nostrum et incidunt quia repellat voluptas est. Exercitationem id deserunt consequuntur odio hic placeat inventore. Voluptas sit neque sint autem et a. Culpa doloribus ut quasi. Odit reiciendis consequatur quod vero. Deserunt omnis numquam atque odit consectetur dolorum placeat qui. Earum qui cum minus. Voluptatem est a quo cum. Vel quia mollitia possimus eos laborum. Aut eos reprehenderit nostrum illo voluptates voluptatum quo.', '1. A magni hic eum corrupti error. 2. Possimus nihil error similique reiciendis. 3. At dicta unde delectus voluptas voluptatem. 4. Dolor tempore quaerat harum explicabo a consequatur. ', 'Iusto id modi animi. Et rerum minima autem ut ea exercitationem. Saepe animi qui distinctio beatae dolore vitae qui. Odio non ab totam aut ullam consectetur laboriosam. Veritatis magnam aut rem officia architecto pariatur. Quae explicabo ab error voluptas voluptatem aliquid aut. Amet ea optio doloribus id et.', 'tmp/seals/$2y$10$NwF4LV/izlFiQBlr0M41HuGhlfwbDncD6tkB36xz4Uhz/qh5V60C6.jpg', '2019-12-14 17:52:20', '2019-12-14 17:52:20'),
(4, '4566', 'Corrupti tempore consequuntur minus quos. Consequuntur sed reprehenderit neque omnis. Saepe recusandae voluptates vel unde quia. Quaerat aut eius voluptates quia. Non rem sed facilis est. Consectetur unde praesentium iure sit. Inventore eligendi porro porro tempore corporis aut molestiae voluptate. Labore facere odit in aliquam ab. Reiciendis consequatur maiores quas cum. Rem molestiae ullam quo ea optio saepe voluptatem. Alias corporis dolorem in et omnis. Voluptate quidem ipsa ipsam rerum doloribus omnis quibusdam. Quam molestias culpa nulla cum ab iure est natus. Quis ut pariatur quisquam provident. Magnam in qui harum modi amet laborum. Eos aut perspiciatis ex hic at molestiae eum. Accusantium doloribus sint ut consectetur. Eveniet sed ea quo suscipit dignissimos. Quidem blanditiis velit iusto ipsa doloremque. Quia qui neque dolores sed optio quod et. Occaecati quas rerum aut dolorem fuga alias amet. Non consequatur et voluptatem quo voluptatibus a eligendi. Reprehenderit qui assumenda eligendi consequatur qui. Quod quaerat dolores magni earum. Nesciunt ut optio nihil.', '1. Qui harum tempora non qui qui voluptate. 2. Culpa praesentium delectus perferendis qui omnis. 3. Repellendus facere distinctio eveniet velit eligendi harum sunt provident. 4. Corporis voluptas ut quis doloribus ea nihil. ', 'Est aut deleniti amet quo suscipit. Necessitatibus in ut earum laborum id enim. Quasi facilis nihil harum aut delectus. Dolores ut quaerat necessitatibus et doloribus ut. Et suscipit sit in aliquid quidem. Enim consequuntur rerum placeat iste quia aut tempora. Sunt culpa illo itaque. Hic ex ut quis rerum maiores. Qui quam possimus rerum asperiores itaque. Eaque vero non et illum excepturi.', 'tmp/seals/$2y$10$eHEPiWZX91haUS6WFWgy6.iIbC67zlfUYW3a2OVGME4iwEtQXXlgC.jpg', '2019-12-14 17:52:20', '2019-12-14 17:52:20'),
(5, '8639', 'Recusandae nesciunt ab autem sunt. Qui consequatur a enim adipisci libero tempore ratione. Officiis delectus nesciunt dolores blanditiis provident. Delectus distinctio sit pariatur earum rem. Corrupti dolor minima natus quia vel exercitationem fuga. Sed nam eum nemo nobis. Nobis sit suscipit odio impedit. Officia hic at dolores consequuntur. Omnis omnis sint quis aut eum ex. Quo rerum assumenda quia quod quam ullam vel voluptas. Expedita et dolor ipsum ipsum aut quia. Enim non ratione molestiae aut voluptatum dolor ipsum. Libero libero cupiditate consequatur autem. Voluptas doloremque deserunt eveniet ut. Reprehenderit praesentium cum quaerat qui nulla. Quia error ab impedit quaerat quis quod iusto. Qui vel ipsum dolor ut magni. Consequatur velit magni quia sed at ut voluptatem mollitia. Impedit tempora est cumque quibusdam omnis incidunt harum. Rerum velit sit culpa est aliquam tempora dolore. Laborum voluptatum eum ad pariatur voluptatibus. Deserunt aspernatur ex porro qui voluptate velit voluptatum ad. Nulla eius repudiandae officia illo voluptas. Recusandae beatae et accusamus nemo.', '1. Perferendis qui voluptatem beatae et beatae cumque. 2. Amet neque optio sequi. 3. Voluptas voluptas tempore in mollitia qui dolores id. 4. Atque eligendi ea similique explicabo asperiores. 5. Unde laborum similique ea. ', 'Maxime illo officia porro corrupti odit. Maiores consequatur harum ea enim illo et totam. Ducimus odit in molestias et et atque. Adipisci dolorum sed ex sint. Laboriosam id sunt quod asperiores dolor. Consequatur amet enim quas est quas sunt. Sint est dolor dolor iusto debitis. Odio pariatur assumenda maxime omnis. Et et hic libero a sit aut dolores. Nostrum molestiae illo iste ab aut rerum.', 'tmp/seals/$2y$10$ydJtpHJNcy5Bz6rN7phLF.HKcxbX4qQ0phIyDBnE./n74OuUXCY4u.jpg', '2019-12-14 17:52:20', '2019-12-14 17:52:20'),
(6, '4986', 'Accusamus debitis voluptatem et ut iure nemo voluptas. Maiores et dolorem voluptas. Odio et quam distinctio sapiente. Soluta tenetur sit et et et nesciunt velit minus. Consectetur suscipit dolores aut sint velit nihil. Fugiat odit odit et molestiae id enim corporis. Maxime dolores temporibus sint adipisci vero quaerat mollitia. Recusandae impedit provident perspiciatis qui dolor est. Doloremque rerum nesciunt qui dolor dolores esse sed. Soluta sequi magnam eos occaecati. Facere exercitationem voluptatem id incidunt non corrupti quia. Tempore et aut deleniti voluptates quia qui suscipit architecto. Dolorem consectetur aut autem. Possimus omnis occaecati labore reiciendis aspernatur consequatur rem. Quasi accusamus quo quia odio. Maiores sed qui tempora ea dolores ut natus. Nihil aperiam voluptate reiciendis non. Voluptas eos in soluta. Est dolores ipsa quia maiores autem commodi rem. Libero laborum quisquam magnam amet. Esse quos harum aut deleniti dolorem. Aliquid officia dolores et. Architecto aut ducimus dolore autem temporibus odio rerum. Ut quos officia labore necessitatibus.', '1. Rem rerum voluptatem quo consequuntur eveniet sed commodi. 2. Adipisci debitis animi nihil autem incidunt maiores. 3. Omnis natus nulla et. ', 'Quo ex voluptas ratione aliquid magnam. Eligendi minima amet qui non non animi ea. Quia dolores quam voluptate doloremque accusamus. Excepturi sed cumque ut fuga. Assumenda est sunt illum fuga dolorem quia vel officia. Quaerat deserunt qui cupiditate qui sequi qui. Aperiam sed voluptatem quia voluptates dolorem tempora. Nam qui a autem sit eveniet. Modi est deleniti est reiciendis ut illo.', 'tmp/seals/$2y$10$IIe/US3BQqPGmjYecTX3huCmzXEgRb8ZubDS3xVNkTbp.GOQmptiy.jpg', '2019-12-14 17:52:21', '2019-12-14 17:52:21'),
(7, '3417', 'Quisquam porro repellat voluptas sit ut beatae voluptatem sed. Sint alias totam earum. Nihil aut cumque voluptates commodi et voluptatem sit. Veniam voluptas aut sequi ut. Excepturi rerum quis provident sit inventore ea et. Rerum iste id facilis placeat officiis. Rerum aspernatur nam occaecati et. Velit dolorum adipisci voluptatem est. Id eos ut tenetur. Dolor officia dignissimos sint reiciendis est non vero. Maxime ipsam mollitia accusamus autem vel sed animi reiciendis. Dolore amet et rerum quia aut ducimus voluptatum. Possimus itaque delectus velit id sunt. Perspiciatis et quo itaque illo. Autem consequatur qui enim mollitia. Omnis cupiditate in aut. Numquam rerum alias magnam sint reiciendis culpa. Maxime eum deleniti illum illum quia aut possimus. Necessitatibus sed cupiditate nihil et. Consequatur minus distinctio recusandae atque. Amet voluptatem illum asperiores nisi et consequatur. Laboriosam aperiam quia mollitia necessitatibus occaecati. Omnis voluptatem et porro iste sed. Dolorem officiis est eos excepturi quidem odio aut.', '1. Facilis similique voluptates temporibus aperiam. 2. Aut minus aut error cum quas architecto eos. 3. Ut eos soluta occaecati quae id quia et. ', 'Eligendi aliquam aut ipsum modi quasi quia. Enim optio accusamus sed vel alias. Et quaerat itaque laborum nemo esse similique. Libero architecto qui aut inventore inventore omnis. Rerum et velit eveniet est. Laborum doloremque quis aperiam ut culpa. Sed eos architecto autem. Asperiores assumenda at consequatur praesentium praesentium. Ipsam provident tempore ut suscipit nam.', 'tmp/seals/$2y$10$VILebgzoIgWWPliFDr5QseAcBfPxoeUes4wlbIWsMqc.hazvknTbW.jpg', '2019-12-14 17:52:21', '2019-12-14 17:52:21');

-- --------------------------------------------------------

--
-- Estructura de tabla para la tabla `deputy_directors`
--

CREATE TABLE `deputy_directors` (
  `id` int(10) UNSIGNED NOT NULL,
  `deputy_director_names` varchar(45) COLLATE utf8mb4_unicode_ci NOT NULL,
  `deputy_director_lastnames` varchar(45) COLLATE utf8mb4_unicode_ci NOT NULL,
  `email` varchar(100) COLLATE utf8mb4_unicode_ci NOT NULL,
  `document_number` varchar(20) COLLATE utf8mb4_unicode_ci NOT NULL,
  `phone_number` varchar(20) COLLATE utf8mb4_unicode_ci NOT NULL,
  `digital_firm` varchar(255) COLLATE utf8mb4_unicode_ci NOT NULL,
  `document_type_id` int(10) UNSIGNED NOT NULL,
  `gender_id` int(10) UNSIGNED NOT NULL,
  `created_at` timestamp NULL DEFAULT NULL,
  `updated_at` timestamp NULL DEFAULT NULL
) ENGINE=InnoDB DEFAULT CHARSET=utf8mb4 COLLATE=utf8mb4_unicode_ci;

--
-- Volcado de datos para la tabla `deputy_directors`
--

INSERT INTO `deputy_directors` (`id`, `deputy_director_names`, `deputy_director_lastnames`, `email`, `document_number`, `phone_number`, `digital_firm`, `document_type_id`, `gender_id`, `created_at`, `updated_at`) VALUES
(1, 'Winnifred Shakira', 'Kunde', 'wskunde13@misena.edu.co', '68449825P', '616 966709', 'tmp/firms/$2y$10$xXddJuv7BWiXR7rGIvUYnuV36v5RIchaBsPuJ7eGdTXFkMy9RYzYq.jpg', 4, 1, '2019-12-14 17:52:21', '2019-12-14 17:52:21'),
(2, 'Trycia Orie', 'Mann', 'tomann15@misena.edu.co', '25315183A', '677 98 4647', 'tmp/firms/$2y$10$vTE0AzZYYDdAKFtMYFEIXOB4DI1rWmPr2gbgCTWoAFuxW6Nj3vXy2.jpg', 1, 2, '2019-12-14 17:52:21', '2019-12-14 17:52:21'),
(3, 'Thurman Kenya', 'Macejkovic', 'tkmacejkovic1@misena.edu.co', '54912537Z', '642 842342', 'tmp/firms/$2y$10$JNXAtd89VLHjN2gqCNY.FOpnIxcm3gvsRNuJhkN8zOGqlIFkZ2MK..jpg', 3, 1, '2019-12-14 17:52:21', '2019-12-14 17:52:21'),
(4, 'Litzy Sylvia', 'Jacobson', 'lsjacobson17@misena.edu.co', '65051179A', '+34 662 79 8394', 'tmp/firms/$2y$10$hfIjHzMLr/7fR8Ba1aFHiOp3q4et73nL9EThuh/5fTl8hw0skIN3m.jpg', 5, 3, '2019-12-14 17:52:21', '2019-12-14 17:52:21'),
(5, 'Kelsie Bryon', 'Larson', 'kblarson19@misena.edu.co', '67908428P', '675724241', 'tmp/firms/$2y$10$X42DehZOeRudENgM3jT0DeneiTReHmD12.bFusPvhvjxFt0i.Y1TO.jpg', 3, 2, '2019-12-14 17:52:22', '2019-12-14 17:52:22'),
(6, 'Cyrus Mike', 'Lueilwitz', 'cmlueilwitz17@misena.edu.co', '46378156J', '629817715', 'tmp/firms/$2y$10$07y93cygZcUyWaplRn3gZej.FAL9RMwEU1VlvFOF2ptA8jDULcsXm.jpg', 3, 1, '2019-12-14 17:52:22', '2019-12-14 17:52:22'),
(7, 'Kyla Micheal', 'Cole', 'kmcole8@misena.edu.co', '09892293Q', '629 597841', 'tmp/firms/$2y$10$j4cu.M3JZ2lcKFVLqlUGsegWnZgZ1/yhKJXuyyLUfQUYOHTu77th..jpg', 4, 2, '2019-12-14 17:52:22', '2019-12-14 17:52:22'),
(8, 'Giuseppe Cleo', 'Kirlin', 'gckirlin4@misena.edu.co', '00499972K', '670-483350', 'tmp/firms/$2y$10$3.maprTp.0CS/okzIqNerOY./S9jBuNjMaZVOUn6satQOPsKivMYe.jpg', 2, 3, '2019-12-14 17:52:22', '2019-12-14 17:52:22'),
(9, 'Karine Sonny', 'Blick', 'ksblick8@misena.edu.co', '74272570G', '670-53-6764', 'tmp/firms/$2y$10$CJ9TxK.kE2dZqLXVPDxyYe2mpX5LuwEJYXamRne4haxQP/DKlyc5W.jpg', 3, 1, '2019-12-14 17:52:22', '2019-12-14 17:52:22'),
(10, 'Mylene Idella', 'Bernier', 'mibernier19@misena.edu.co', '67219911L', '+34 682969535', 'tmp/firms/$2y$10$TVowbms1mOqne6BZ4dpuW.m9B3dzLTozTVF7suFw3L4K8fV6tiT0a.jpg', 4, 3, '2019-12-14 17:52:22', '2019-12-14 17:52:22'),
(11, 'Alisha Colleen', 'Anderson', 'acanderson9@misena.edu.co', '65290446R', '626 433544', 'tmp/firms/$2y$10$ZM4PcUqXgI0U8iuI0P3hfuzCK6TV0kqZfoaGiDHPmy/tfDIJJ3KeG.jpg', 1, 3, '2019-12-14 17:52:22', '2019-12-14 17:52:22'),
(12, 'Ettie Camylle', 'Barton', 'ecbarton19@misena.edu.co', '31511174R', '634-652762', 'tmp/firms/$2y$10$kcM9a5lSDnSuv40D0WVjSuShqU7qQToiDkV6ZlZKGOq.PNuMg8nFG.jpg', 3, 3, '2019-12-14 17:52:22', '2019-12-14 17:52:22'),
(13, 'Gage Robin', 'Roberts', 'grroberts12@misena.edu.co', '61886951T', '+34 684-90-4384', 'tmp/firms/$2y$10$1TGz1bEt49oYj43NIqSjeOSsXHRZUbKMnniwFeZL8Q5Yua4GjRM1W.jpg', 1, 3, '2019-12-14 17:52:23', '2019-12-14 17:52:23'),
(14, 'Leonora Nikita', 'Hackett', 'lnhackett11@misena.edu.co', '54582618F', '+34 659-11-9232', 'tmp/firms/$2y$10$gwQE4TfrTHLiRwfqzKgx.e.ZnHEJRnm6dx.6lkO3dEA/ckBck3u5O.jpg', 4, 1, '2019-12-14 17:52:23', '2019-12-14 17:52:23'),
(15, 'Vicky Osborne', 'McCullough', 'vomccullough19@misena.edu.co', '99565426J', '682-24-5826', 'tmp/firms/$2y$10$6yPETt9FFV9MwmewhWoqn.rfpRNWBRouyzQ4AUSEiR5mMgLlOEvKS.jpg', 5, 1, '2019-12-14 17:52:23', '2019-12-14 17:52:23'),
(16, 'Sibyl Dameon', 'Smitham', 'sdsmitham9@misena.edu.co', '41827529M', '672-62-8956', 'tmp/firms/$2y$10$KxOlUM4XspfAv1/7252TWe6m4OG6abgbBppu7zl5OCbKmic4PTN7q.jpg', 5, 2, '2019-12-14 17:52:23', '2019-12-14 17:52:23'),
(17, 'Maggie Iliana', 'Olson', 'miolson15@misena.edu.co', '57351622H', '+34 601-748911', 'tmp/firms/$2y$10$EgbVhjjj9TXl1p/HV182/.eqyunbjU8s4SxVegc/aUpXzfEkjdAvq.jpg', 5, 1, '2019-12-14 17:52:23', '2019-12-14 17:52:23'),
(18, 'Raegan Mateo', 'Fadel', 'rmfadel3@misena.edu.co', '85306644N', '625-996414', 'tmp/firms/$2y$10$JmpAwNaSlZ4l/dnD3zau3O2VfWkBBxc6sx.Xsu65.3SJ.IxCcJCrq.jpg', 1, 1, '2019-12-14 17:52:23', '2019-12-14 17:52:23'),
(19, 'Jason Noe', 'Jenkins', 'jnjenkins1@misena.edu.co', '38863156X', '611 602257', 'tmp/firms/$2y$10$KHsBPf2YV1sqUMC6hOi1/eGlJDcd59oM4m.4VRRXM3xgHbuTA32yO.jpg', 2, 1, '2019-12-14 17:52:23', '2019-12-14 17:52:23'),
(20, 'Antonetta Darron', 'Hoppe', 'adhoppe15@misena.edu.co', '33018529M', '626-95-4519', 'tmp/firms/$2y$10$XICOs10awe6BdXHVc8t5me.2WDOgM04T2ZjoPbrrk4RN4FSVqlPnS.jpg', 1, 3, '2019-12-14 17:52:23', '2019-12-14 17:52:23');

-- --------------------------------------------------------

--
-- Estructura de tabla para la tabla `document_types`
--

CREATE TABLE `document_types` (
  `id` int(10) UNSIGNED NOT NULL,
  `document_type_name` varchar(75) COLLATE utf8mb4_unicode_ci NOT NULL,
  `abbreviation` varchar(10) COLLATE utf8mb4_unicode_ci DEFAULT NULL,
  `created_at` timestamp NULL DEFAULT NULL,
  `updated_at` timestamp NULL DEFAULT NULL
) ENGINE=InnoDB DEFAULT CHARSET=utf8mb4 COLLATE=utf8mb4_unicode_ci;

--
-- Volcado de datos para la tabla `document_types`
--

INSERT INTO `document_types` (`id`, `document_type_name`, `abbreviation`, `created_at`, `updated_at`) VALUES
(1, 'Tarjeta de Identidad', 'TI', '2019-12-14 17:52:13', '2019-12-14 17:52:13'),
(2, 'C칠dula de Ciudadan칤a', 'CC', '2019-12-14 17:52:13', '2019-12-14 17:52:13'),
(3, 'Documento Nacional de Identidad', 'DNI', '2019-12-14 17:52:13', '2019-12-14 17:52:13'),
(4, 'C칠dula de Extranjer칤a', 'CE', '2019-12-14 17:52:13', '2019-12-14 17:52:13'),
(5, 'Registro Civil', 'RC', '2019-12-14 17:52:14', '2019-12-14 17:52:14');

-- --------------------------------------------------------

--
-- Estructura de tabla para la tabla `genders`
--

CREATE TABLE `genders` (
  `id` int(10) UNSIGNED NOT NULL,
  `gender_name` varchar(45) COLLATE utf8mb4_unicode_ci NOT NULL,
  `abbreviation` varchar(10) COLLATE utf8mb4_unicode_ci DEFAULT NULL,
  `created_at` timestamp NULL DEFAULT NULL,
  `updated_at` timestamp NULL DEFAULT NULL
) ENGINE=InnoDB DEFAULT CHARSET=utf8mb4 COLLATE=utf8mb4_unicode_ci;

--
-- Volcado de datos para la tabla `genders`
--

INSERT INTO `genders` (`id`, `gender_name`, `abbreviation`, `created_at`, `updated_at`) VALUES
(1, 'Masculino', 'M', '2019-12-14 17:52:14', '2019-12-14 17:52:14'),
(2, 'Femenino', 'F', '2019-12-14 17:52:14', '2019-12-14 17:52:14'),
(3, 'Otro', 'O', '2019-12-14 17:52:14', '2019-12-14 17:52:14');

-- --------------------------------------------------------

--
-- Estructura de tabla para la tabla `institutions`
--

CREATE TABLE `institutions` (
  `id` int(10) UNSIGNED NOT NULL,
  `nit` varchar(20) COLLATE utf8mb4_unicode_ci NOT NULL,
  `institution_name` varchar(100) COLLATE utf8mb4_unicode_ci NOT NULL,
  `address` varchar(100) COLLATE utf8mb4_unicode_ci NOT NULL,
  `phone_number` varchar(20) COLLATE utf8mb4_unicode_ci NOT NULL,
  `deputy_director_id` int(10) UNSIGNED NOT NULL,
  `city_id` int(10) UNSIGNED NOT NULL,
  `created_at` timestamp NULL DEFAULT NULL,
  `updated_at` timestamp NULL DEFAULT NULL
) ENGINE=InnoDB DEFAULT CHARSET=utf8mb4 COLLATE=utf8mb4_unicode_ci;

--
-- Volcado de datos para la tabla `institutions`
--

INSERT INTO `institutions` (`id`, `nit`, `institution_name`, `address`, `phone_number`, `deputy_director_id`, `city_id`, `created_at`, `updated_at`) VALUES
(1, '756.9434.1595.53', 'SENA Centro Nacional de Hoteler칤a, Turismo y Alimentos', '3787 Rashad Circle', '616 69 0417', 10, 175, '2019-12-14 17:52:24', '2019-12-14 17:52:24'),
(2, '756.9221.9481.93', 'SENA Centro de Manufactura en Textil y Cuero', '3681 Hahn Run Apt. 279', '+34 662-055805', 3, 44, '2019-12-14 17:52:24', '2019-12-14 17:52:24'),
(3, '756.1601.6853.39', 'SENA Centro de Gesti칩n de Mercados, Log칤stica y Tecnolog칤as de la Informaci칩n', '338 Jacobson Port', '603-050188', 6, 114, '2019-12-14 17:52:24', '2019-12-14 17:52:24'),
(4, '756.5874.2971.38', 'SENA Centro de Tecnolog칤as para Construcci칩n y las Maderas', '8174 Fritsch Summit Apt. 750', '632-70-2984', 18, 134, '2019-12-14 17:52:24', '2019-12-14 17:52:24'),
(5, '756.3894.4755.81', 'SENA Centro de Gesti칩n Administrativa', '86065 Edyth Drives Suite 953', '637 638783', 1, 151, '2019-12-14 17:52:24', '2019-12-14 17:52:24'),
(6, '756.7228.5573.56', 'SENA Centro de Gesti칩n Industrial', '206 Howe Burgs', '+34 630-46-7297', 4, 115, '2019-12-14 17:52:24', '2019-12-14 17:52:24'),
(7, '756.8039.1810.44', 'SENA Centro de Servicios Financieros', '237 Wilfrid Hill Suite 825', '680597337', 8, 107, '2019-12-14 17:52:25', '2019-12-14 17:52:25'),
(8, '756.1661.5085.55', 'SENA Centro de Formaci칩n de Talento Humano en Salud', '539 Wilkinson Crest Suite 972', '+34 669599840', 12, 108, '2019-12-14 17:52:25', '2019-12-14 17:52:25'),
(9, '756.0424.0804.44', 'SENA Centro de Tecnolog칤as del Transporte', '74014 Corwin Oval Apt. 288', '698223360', 9, 195, '2019-12-14 17:52:25', '2019-12-14 17:52:25'),
(10, '756.1053.8272.40', 'SENA Centro de Dise침o y Metrolog칤a', '8855 Laron Squares Suite 815', '601 97 9877', 7, 29, '2019-12-14 17:52:25', '2019-12-14 17:52:25'),
(11, '756.1749.5516.88', 'SENA Antiguo Publicaci칩nes', '75572 Christop Isle Apt. 641', '690 32 7450', 17, 40, '2019-12-14 17:52:25', '2019-12-14 17:52:25'),
(12, '756.6400.0444.62', 'SENA Centro de Gesti칩n y Fortalecimiento Socio  Empresarial', '1122 Chelsea Mountains', '693669416', 2, 73, '2019-12-14 17:52:25', '2019-12-14 17:52:25'),
(13, '756.8058.6690.73', 'SENA Centro de actividad f칤sica y cultura', '5532 Goyette Station Suite 415', '618 85 9094', 1, 7, '2019-12-14 17:52:25', '2019-12-14 17:52:25'),
(14, '756.0988.8652.42', 'SENA Centro de Electricidad, Electr칩nica y Telecomunicaciones', '572 Hattie Mission Suite 733', '+34 647-857439', 17, 74, '2019-12-14 17:52:25', '2019-12-14 17:52:25');

-- --------------------------------------------------------

--
-- Estructura de tabla para la tabla `migrations`
--

CREATE TABLE `migrations` (
  `id` int(10) UNSIGNED NOT NULL,
  `migration` varchar(255) COLLATE utf8mb4_unicode_ci NOT NULL,
  `batch` int(11) NOT NULL
) ENGINE=InnoDB DEFAULT CHARSET=utf8mb4 COLLATE=utf8mb4_unicode_ci;

--
-- Volcado de datos para la tabla `migrations`
--

INSERT INTO `migrations` (`id`, `migration`, `batch`) VALUES
(1, '2019_12_07_163923_create_request_statuses_table', 1),
(2, '2019_12_07_163938_create_document_types_table', 1),
(3, '2019_12_07_163949_create_genders_table', 1),
(4, '2019_12_07_164000_create_regions_table', 1),
(5, '2019_12_07_164014_create_cities_table', 1),
(6, '2019_12_07_164039_create_contract_types_table', 1),
(7, '2019_12_07_164055_create_deputy_directors_table', 1),
(8, '2019_12_07_164100_create_institutions_table', 1),
(9, '2019_12_07_164132_create_role_users_table', 1),
(10, '2019_12_07_164200_create_users_table', 1),
(11, '2019_12_07_164206_create_password_resets_table', 1),
(12, '2019_12_07_164213_create_certificates_table', 1),
(13, '2019_12_07_164224_create_requests_table', 1),
(14, '2019_12_07_164230_create_request_histories_table', 1),
(15, '2019_12_07_164247_create_contracts_table', 1);

-- --------------------------------------------------------

--
-- Estructura de tabla para la tabla `password_resets`
--

CREATE TABLE `password_resets` (
  `email` varchar(255) COLLATE utf8mb4_unicode_ci NOT NULL,
  `token` varchar(255) COLLATE utf8mb4_unicode_ci NOT NULL,
  `created_at` timestamp NULL DEFAULT NULL
) ENGINE=InnoDB DEFAULT CHARSET=utf8mb4 COLLATE=utf8mb4_unicode_ci;

-- --------------------------------------------------------

--
-- Estructura de tabla para la tabla `regions`
--

CREATE TABLE `regions` (
  `id` int(10) UNSIGNED NOT NULL,
  `region_name` varchar(45) COLLATE utf8mb4_unicode_ci NOT NULL,
  `created_at` timestamp NULL DEFAULT NULL,
  `updated_at` timestamp NULL DEFAULT NULL
) ENGINE=InnoDB DEFAULT CHARSET=utf8mb4 COLLATE=utf8mb4_unicode_ci;

--
-- Volcado de datos para la tabla `regions`
--

INSERT INTO `regions` (`id`, `region_name`, `created_at`, `updated_at`) VALUES
(1, 'Andina', '2019-12-14 17:52:14', '2019-12-14 17:52:14'),
(2, 'Caribe', '2019-12-14 17:52:14', '2019-12-14 17:52:14'),
(3, 'Insular', '2019-12-14 17:52:14', '2019-12-14 17:52:14'),
(4, 'Orinoqu칤a', '2019-12-14 17:52:14', '2019-12-14 17:52:14'),
(5, 'Pac칤fico', '2019-12-14 17:52:14', '2019-12-14 17:52:14'),
(6, 'Amazon칤a', '2019-12-14 17:52:14', '2019-12-14 17:52:14');

-- --------------------------------------------------------

--
-- Estructura de tabla para la tabla `requests`
--

CREATE TABLE `requests` (
  `id` int(10) UNSIGNED NOT NULL,
  `certificate_id` int(10) UNSIGNED NOT NULL,
  `user_id` int(10) UNSIGNED NOT NULL,
  `date_request` datetime NOT NULL,
  `affair` varchar(100) COLLATE utf8mb4_unicode_ci NOT NULL,
  `created_at` timestamp NULL DEFAULT NULL,
  `updated_at` timestamp NULL DEFAULT NULL
) ENGINE=InnoDB DEFAULT CHARSET=utf8mb4 COLLATE=utf8mb4_unicode_ci;

--
-- Volcado de datos para la tabla `requests`
--

INSERT INTO `requests` (`id`, `certificate_id`, `user_id`, `date_request`, `affair`, `created_at`, `updated_at`) VALUES
(1, 12, 19, '1991-04-25 11:49:45', 'Minus provident quae sint voluptas nemo eos ut.', '2019-12-14 17:52:38', '2019-12-14 17:52:38'),
(2, 81, 14, '2011-08-29 11:29:02', 'Cumque ipsa quia non consequatur aut dolor et.', '2019-12-14 17:52:38', '2019-12-14 17:52:38'),
(3, 53, 26, '1976-10-03 13:31:37', 'Aut consequuntur quos eos sapiente.', '2019-12-14 17:52:38', '2019-12-14 17:52:38'),
(4, 39, 24, '1995-05-28 16:30:34', 'Tenetur itaque assumenda dolorem.', '2019-12-14 17:52:38', '2019-12-14 17:52:38'),
(5, 26, 46, '2012-05-23 07:14:53', 'Est voluptas iste magnam et aut mollitia iste.', '2019-12-14 17:52:38', '2019-12-14 17:52:38'),
(6, 9, 30, '2011-07-14 20:20:42', 'Ab labore optio aut soluta.', '2019-12-14 17:52:38', '2019-12-14 17:52:38'),
(7, 37, 44, '1994-11-10 16:21:31', 'Consequatur molestiae omnis aut aut.', '2019-12-14 17:52:38', '2019-12-14 17:52:38'),
(8, 18, 11, '1977-07-27 05:08:57', 'Porro rem necessitatibus fugiat ut consectetur placeat.', '2019-12-14 17:52:38', '2019-12-14 17:52:38'),
(9, 2, 13, '1991-10-29 13:15:59', 'Quos culpa tempore odit laudantium facere.', '2019-12-14 17:52:38', '2019-12-14 17:52:38'),
(10, 13, 23, '2000-05-07 06:21:17', 'Aliquid dolore et rem.', '2019-12-14 17:52:38', '2019-12-14 17:52:38'),
(11, 29, 34, '1975-12-07 00:46:06', 'Adipisci praesentium hic ducimus aut deserunt quia laborum.', '2019-12-14 17:52:38', '2019-12-14 17:52:38'),
(12, 36, 42, '2014-12-27 15:43:29', 'Ab ut quisquam inventore sapiente et quis.', '2019-12-14 17:52:38', '2019-12-14 17:52:38'),
(13, 17, 19, '2018-12-24 12:07:42', 'Est rerum aperiam cumque et vitae sed autem odit.', '2019-12-14 17:52:38', '2019-12-14 17:52:38'),
(14, 13, 30, '1995-12-08 15:35:32', 'Maxime laborum officia modi quia.', '2019-12-14 17:52:38', '2019-12-14 17:52:38'),
(15, 88, 16, '1993-08-03 22:15:50', 'Est cum aut dolorem et perspiciatis.', '2019-12-14 17:52:38', '2019-12-14 17:52:38'),
(16, 89, 7, '2011-04-23 13:22:48', 'Sit sit minus quidem et ipsa.', '2019-12-14 17:52:38', '2019-12-14 17:52:38'),
(17, 75, 14, '1992-10-10 16:06:46', 'Et fugit velit tempora recusandae nesciunt.', '2019-12-14 17:52:38', '2019-12-14 17:52:38'),
(18, 24, 37, '2000-01-23 07:24:27', 'Ut pariatur provident ipsum molestiae et rerum est ea.', '2019-12-14 17:52:38', '2019-12-14 17:52:38'),
(19, 4, 44, '1992-05-23 02:01:47', 'Iusto aut et voluptates.', '2019-12-14 17:52:38', '2019-12-14 17:52:38'),
(20, 80, 36, '2009-09-30 03:27:36', 'Ab quibusdam qui assumenda fugit.', '2019-12-14 17:52:38', '2019-12-14 17:52:38'),
(21, 79, 50, '1983-08-23 04:55:41', 'Animi deserunt esse enim aut laudantium deleniti.', '2019-12-14 17:52:38', '2019-12-14 17:52:38'),
(22, 24, 41, '1996-10-02 07:46:38', 'Voluptatem adipisci aut eius repudiandae.', '2019-12-14 17:52:39', '2019-12-14 17:52:39'),
(23, 1, 5, '1991-12-01 22:31:52', 'Ipsa illo molestiae doloribus omnis in voluptates est.', '2019-12-14 17:52:39', '2019-12-14 17:52:39'),
(24, 11, 9, '2017-02-11 09:50:59', 'Neque rerum accusantium sed porro.', '2019-12-14 17:52:39', '2019-12-14 17:52:39'),
(25, 7, 42, '2010-12-27 22:30:51', 'Quia voluptates deserunt non dolor rerum a.', '2019-12-14 17:52:39', '2019-12-14 17:52:39'),
(26, 32, 31, '2001-02-22 00:03:49', 'Ut deleniti sunt beatae ex earum nesciunt repudiandae.', '2019-12-14 17:52:39', '2019-12-14 17:52:39'),
(27, 2, 25, '2018-01-08 07:12:53', 'Rem et nam ut fugit sed harum nulla.', '2019-12-14 17:52:39', '2019-12-14 17:52:39'),
(28, 2, 2, '2004-04-08 17:01:34', 'Officiis in fugit quo.', '2019-12-14 17:52:39', '2019-12-14 17:52:39'),
(29, 19, 40, '1985-01-22 11:56:44', 'Aspernatur magnam eius fugiat corporis.', '2019-12-14 17:52:39', '2019-12-14 17:52:39'),
(30, 54, 16, '2005-01-15 13:37:02', 'Est totam commodi quia et necessitatibus est.', '2019-12-14 17:52:39', '2019-12-14 17:52:39'),
(31, 60, 21, '1995-10-19 08:21:23', 'Quae tempore cupiditate sunt est et a dolorem.', '2019-12-14 17:52:39', '2019-12-14 17:52:39'),
(32, 16, 29, '1994-03-04 07:53:53', 'Adipisci saepe accusamus ducimus omnis.', '2019-12-14 17:52:39', '2019-12-14 17:52:39'),
(33, 37, 32, '2017-06-11 10:43:08', 'Aperiam in eaque placeat debitis delectus provident aut.', '2019-12-14 17:52:39', '2019-12-14 17:52:39'),
(34, 53, 12, '1972-07-30 11:21:37', 'Quia deleniti ut voluptates ut quis.', '2019-12-14 17:52:39', '2019-12-14 17:52:39'),
(35, 48, 43, '2018-09-02 23:33:15', 'Cum fugiat voluptates explicabo sit maxime quis.', '2019-12-14 17:52:39', '2019-12-14 17:52:39'),
(36, 67, 5, '1974-01-17 23:00:41', 'Illum modi consectetur harum quibusdam iste.', '2019-12-14 17:52:39', '2019-12-14 17:52:39'),
(37, 66, 6, '2008-11-28 22:16:28', 'Et incidunt et illo perspiciatis ratione.', '2019-12-14 17:52:39', '2019-12-14 17:52:39'),
(38, 74, 24, '2012-07-04 10:36:27', 'Cupiditate qui molestiae corrupti corrupti.', '2019-12-14 17:52:39', '2019-12-14 17:52:39'),
(39, 55, 7, '1982-06-17 21:53:12', 'Eius beatae aut et delectus hic corporis.', '2019-12-14 17:52:39', '2019-12-14 17:52:39'),
(40, 70, 16, '2008-12-10 21:50:36', 'Maiores iusto sit blanditiis.', '2019-12-14 17:52:39', '2019-12-14 17:52:39'),
(41, 16, 12, '1980-01-12 02:05:25', 'Nobis sed ea et occaecati nulla nisi harum.', '2019-12-14 17:52:39', '2019-12-14 17:52:39'),
(42, 13, 9, '2011-04-25 17:26:41', 'Eius quo dolor cumque quo.', '2019-12-14 17:52:39', '2019-12-14 17:52:39'),
(43, 75, 28, '1971-10-17 06:10:04', 'Id quam assumenda est vel perspiciatis facere aut.', '2019-12-14 17:52:39', '2019-12-14 17:52:39'),
(44, 77, 50, '1999-05-03 22:16:22', 'Voluptas accusantium earum commodi.', '2019-12-14 17:52:39', '2019-12-14 17:52:39'),
(45, 60, 25, '1989-01-29 00:36:09', 'Saepe quas officiis aut quo.', '2019-12-14 17:52:39', '2019-12-14 17:52:39'),
(46, 40, 35, '2013-01-10 18:53:43', 'Hic velit labore mollitia repellendus.', '2019-12-14 17:52:39', '2019-12-14 17:52:39'),
(47, 14, 40, '1988-03-30 17:40:02', 'Ea ad qui quod fugiat quos cumque.', '2019-12-14 17:52:39', '2019-12-14 17:52:39'),
(48, 3, 6, '1973-01-23 02:38:51', 'Et fugiat molestiae odit praesentium.', '2019-12-14 17:52:39', '2019-12-14 17:52:39'),
(49, 28, 35, '1980-06-11 10:16:44', 'Error deserunt dolorem sed veniam tempora inventore.', '2019-12-14 17:52:39', '2019-12-14 17:52:39'),
(50, 26, 31, '1993-08-08 15:41:21', 'Error voluptas architecto illo id.', '2019-12-14 17:52:39', '2019-12-14 17:52:39'),
(51, 41, 47, '1971-06-16 08:08:42', 'Nobis amet eius dolores sit amet.', '2019-12-14 17:52:39', '2019-12-14 17:52:39'),
(52, 51, 7, '2019-03-20 16:10:29', 'Voluptatem voluptas totam ratione sint expedita molestiae molestias deleniti.', '2019-12-14 17:52:39', '2019-12-14 17:52:39'),
(53, 90, 27, '2004-02-20 22:22:40', 'Incidunt et labore unde minus.', '2019-12-14 17:52:39', '2019-12-14 17:52:39'),
(54, 70, 11, '1984-09-16 03:02:58', 'Repellendus odit omnis dolores aut eos similique non.', '2019-12-14 17:52:39', '2019-12-14 17:52:39'),
(55, 41, 2, '1995-05-22 15:43:45', 'Ea ipsa non est excepturi a ut sit.', '2019-12-14 17:52:39', '2019-12-14 17:52:39'),
(56, 5, 31, '1974-08-19 08:28:53', 'Assumenda quod culpa repellat aut.', '2019-12-14 17:52:39', '2019-12-14 17:52:39'),
(57, 26, 48, '2013-01-23 22:17:14', 'At nesciunt ea minima et enim.', '2019-12-14 17:52:39', '2019-12-14 17:52:39'),
(58, 6, 44, '1986-05-04 23:24:42', 'Perspiciatis odio sit voluptatem eos quia sed dicta.', '2019-12-14 17:52:39', '2019-12-14 17:52:39'),
(59, 87, 8, '1997-12-28 18:01:42', 'Facilis quaerat quaerat tempore accusantium doloremque sit voluptatem.', '2019-12-14 17:52:39', '2019-12-14 17:52:39'),
(60, 71, 27, '1985-04-15 19:05:05', 'Dignissimos ipsa quo deleniti qui eius vero dolore.', '2019-12-14 17:52:39', '2019-12-14 17:52:39'),
(61, 54, 3, '2002-10-01 21:01:59', 'Illo et et fuga ducimus vel aspernatur.', '2019-12-14 17:52:39', '2019-12-14 17:52:39'),
(62, 24, 26, '1994-07-19 21:00:51', 'Reprehenderit recusandae ea sint et.', '2019-12-14 17:52:39', '2019-12-14 17:52:39'),
(63, 18, 12, '1976-01-04 09:48:45', 'Velit autem voluptates quod labore omnis molestiae in.', '2019-12-14 17:52:39', '2019-12-14 17:52:39'),
(64, 29, 27, '1989-09-25 12:29:29', 'Tempore tenetur odit eum illum minus nobis.', '2019-12-14 17:52:40', '2019-12-14 17:52:40'),
(65, 40, 29, '1990-12-02 06:08:46', 'Fugit reprehenderit reprehenderit et rerum dolorum ut.', '2019-12-14 17:52:40', '2019-12-14 17:52:40'),
(66, 61, 40, '1993-02-24 05:28:48', 'Voluptatem sed ut quas facere cumque soluta.', '2019-12-14 17:52:40', '2019-12-14 17:52:40'),
(67, 10, 24, '1985-11-17 08:18:09', 'Temporibus laboriosam autem rerum labore nam.', '2019-12-14 17:52:40', '2019-12-14 17:52:40'),
(68, 10, 42, '1993-06-27 16:08:11', 'Amet sit est doloremque ducimus officia repudiandae tempore.', '2019-12-14 17:52:40', '2019-12-14 17:52:40'),
(69, 76, 34, '1982-04-23 10:38:08', 'Quis exercitationem perferendis quia labore dolorum natus.', '2019-12-14 17:52:40', '2019-12-14 17:52:40'),
(70, 6, 15, '2012-10-29 01:20:10', 'Tenetur quis ad et aut repellat rerum.', '2019-12-14 17:52:40', '2019-12-14 17:52:40'),
(71, 67, 29, '1981-08-21 17:04:59', 'In animi vero ut velit aut voluptas ut.', '2019-12-14 17:52:40', '2019-12-14 17:52:40'),
(72, 38, 50, '2000-01-29 04:01:32', 'Voluptatem debitis repellat error doloribus.', '2019-12-14 17:52:40', '2019-12-14 17:52:40'),
(73, 84, 18, '1985-07-10 06:21:39', 'Velit distinctio consequatur laudantium amet.', '2019-12-14 17:52:40', '2019-12-14 17:52:40'),
(74, 18, 14, '1999-01-26 20:46:25', 'Doloribus et nihil velit.', '2019-12-14 17:52:40', '2019-12-14 17:52:40'),
(75, 29, 11, '1999-06-14 16:36:44', 'Et sapiente aut repellat odit.', '2019-12-14 17:52:40', '2019-12-14 17:52:40'),
(76, 47, 44, '1989-07-16 09:56:57', 'Quos sit blanditiis labore unde.', '2019-12-14 17:52:40', '2019-12-14 17:52:40'),
(77, 5, 9, '1977-10-16 09:58:32', 'Consectetur molestias ea repellendus ducimus.', '2019-12-14 17:52:40', '2019-12-14 17:52:40'),
(78, 15, 42, '1982-05-11 08:52:27', 'Et ex alias ullam qui sed dolorem.', '2019-12-14 17:52:40', '2019-12-14 17:52:40'),
(79, 38, 22, '1996-10-24 04:51:05', 'Voluptatem amet illum nisi nihil voluptatem dolorem.', '2019-12-14 17:52:40', '2019-12-14 17:52:40'),
(80, 76, 42, '1974-04-07 15:55:42', 'Ullam corrupti blanditiis sint.', '2019-12-14 17:52:40', '2019-12-14 17:52:40'),
(81, 85, 10, '1988-04-25 18:23:07', 'Et minus enim corporis blanditiis.', '2019-12-14 17:52:40', '2019-12-14 17:52:40'),
(82, 50, 40, '1998-11-24 10:29:22', 'Occaecati sunt deleniti et aut occaecati impedit.', '2019-12-14 17:52:40', '2019-12-14 17:52:40'),
(83, 25, 28, '1993-10-22 15:24:43', 'Eveniet sit aut sint qui ratione aut.', '2019-12-14 17:52:40', '2019-12-14 17:52:40'),
(84, 9, 39, '1985-08-09 02:30:39', 'Aut harum tempora quis id voluptas qui perferendis.', '2019-12-14 17:52:40', '2019-12-14 17:52:40'),
(85, 35, 5, '1980-09-26 20:03:54', 'Eligendi soluta qui cumque dolor.', '2019-12-14 17:52:40', '2019-12-14 17:52:40'),
(86, 63, 6, '1994-06-14 04:50:54', 'Ratione quisquam dolor adipisci sint ut quia aut.', '2019-12-14 17:52:40', '2019-12-14 17:52:40'),
(87, 35, 2, '1989-02-23 20:47:00', 'Necessitatibus soluta quasi labore sint.', '2019-12-14 17:52:40', '2019-12-14 17:52:40'),
(88, 88, 50, '2000-10-09 06:35:28', 'Molestiae accusamus ut ut.', '2019-12-14 17:52:40', '2019-12-14 17:52:40'),
(89, 55, 5, '2018-05-29 05:31:11', 'Aspernatur nesciunt non eius cumque distinctio ut quasi.', '2019-12-14 17:52:40', '2019-12-14 17:52:40'),
(90, 4, 50, '1991-01-14 04:36:29', 'Aut alias molestiae sapiente quo ducimus voluptatem voluptates.', '2019-12-14 17:52:40', '2019-12-14 17:52:40'),
(91, 1, 24, '1986-08-01 19:35:13', 'Suscipit ut quas occaecati vitae nobis veritatis dolores.', '2019-12-14 17:52:40', '2019-12-14 17:52:40'),
(92, 61, 29, '1993-01-26 02:00:42', 'Id doloremque eveniet officia.', '2019-12-14 17:52:40', '2019-12-14 17:52:40'),
(93, 5, 29, '2016-11-24 23:48:20', 'Et quo delectus iste perferendis blanditiis voluptate.', '2019-12-14 17:52:40', '2019-12-14 17:52:40'),
(94, 29, 32, '2001-11-05 21:59:02', 'Dolores et non est suscipit sint.', '2019-12-14 17:52:40', '2019-12-14 17:52:40'),
(95, 67, 6, '2019-07-25 16:34:46', 'Eaque ut rerum aut atque est magni.', '2019-12-14 17:52:40', '2019-12-14 17:52:40'),
(96, 36, 19, '1977-05-25 11:15:12', 'Libero incidunt unde nobis aut voluptatum quas rem.', '2019-12-14 17:52:40', '2019-12-14 17:52:40'),
(97, 60, 32, '1992-11-18 11:27:32', 'Occaecati sit alias velit ut.', '2019-12-14 17:52:40', '2019-12-14 17:52:40'),
(98, 86, 42, '2012-02-25 21:48:15', 'Incidunt reprehenderit quae et qui omnis et.', '2019-12-14 17:52:40', '2019-12-14 17:52:40'),
(99, 59, 26, '1973-11-25 19:08:29', 'Amet dolor deserunt quibusdam accusantium culpa nobis.', '2019-12-14 17:52:40', '2019-12-14 17:52:40'),
(100, 83, 41, '2001-04-12 06:43:50', 'Ab quidem quae sequi ut dolores.', '2019-12-14 17:52:40', '2019-12-14 17:52:40');

-- --------------------------------------------------------

--
-- Estructura de tabla para la tabla `request_histories`
--

CREATE TABLE `request_histories` (
  `id` int(10) UNSIGNED NOT NULL,
  `request_status_id` int(10) UNSIGNED NOT NULL,
  `request_id` int(10) UNSIGNED NOT NULL,
  `created_at` timestamp NULL DEFAULT NULL,
  `updated_at` timestamp NULL DEFAULT NULL
) ENGINE=InnoDB DEFAULT CHARSET=utf8mb4 COLLATE=utf8mb4_unicode_ci;

--
-- Volcado de datos para la tabla `request_histories`
--

INSERT INTO `request_histories` (`id`, `request_status_id`, `request_id`, `created_at`, `updated_at`) VALUES
(1, 1, 15, '2019-12-14 17:52:40', '2019-12-14 17:52:40'),
(2, 1, 12, '2019-12-14 17:52:40', '2019-12-14 17:52:40'),
(3, 1, 29, '2019-12-14 17:52:40', '2019-12-14 17:52:40'),
(4, 2, 41, '2019-12-14 17:52:41', '2019-12-14 17:52:41'),
(5, 1, 10, '2019-12-14 17:52:41', '2019-12-14 17:52:41'),
(6, 2, 48, '2019-12-14 17:52:41', '2019-12-14 17:52:41'),
(7, 4, 23, '2019-12-14 17:52:41', '2019-12-14 17:52:41'),
(8, 2, 68, '2019-12-14 17:52:41', '2019-12-14 17:52:41'),
(9, 4, 70, '2019-12-14 17:52:41', '2019-12-14 17:52:41'),
(10, 4, 20, '2019-12-14 17:52:41', '2019-12-14 17:52:41'),
(11, 3, 12, '2019-12-14 17:52:41', '2019-12-14 17:52:41'),
(12, 4, 55, '2019-12-14 17:52:41', '2019-12-14 17:52:41'),
(13, 3, 48, '2019-12-14 17:52:41', '2019-12-14 17:52:41'),
(14, 2, 36, '2019-12-14 17:52:41', '2019-12-14 17:52:41'),
(15, 2, 6, '2019-12-14 17:52:41', '2019-12-14 17:52:41'),
(16, 3, 94, '2019-12-14 17:52:41', '2019-12-14 17:52:41'),
(17, 4, 56, '2019-12-14 17:52:41', '2019-12-14 17:52:41'),
(18, 1, 65, '2019-12-14 17:52:41', '2019-12-14 17:52:41'),
(19, 3, 1, '2019-12-14 17:52:41', '2019-12-14 17:52:41'),
(20, 4, 43, '2019-12-14 17:52:41', '2019-12-14 17:52:41'),
(21, 1, 18, '2019-12-14 17:52:41', '2019-12-14 17:52:41'),
(22, 3, 35, '2019-12-14 17:52:41', '2019-12-14 17:52:41'),
(23, 3, 8, '2019-12-14 17:52:41', '2019-12-14 17:52:41'),
(24, 3, 42, '2019-12-14 17:52:41', '2019-12-14 17:52:41'),
(25, 1, 1, '2019-12-14 17:52:41', '2019-12-14 17:52:41'),
(26, 4, 83, '2019-12-14 17:52:41', '2019-12-14 17:52:41'),
(27, 3, 42, '2019-12-14 17:52:41', '2019-12-14 17:52:41'),
(28, 4, 8, '2019-12-14 17:52:41', '2019-12-14 17:52:41'),
(29, 3, 74, '2019-12-14 17:52:41', '2019-12-14 17:52:41'),
(30, 1, 51, '2019-12-14 17:52:41', '2019-12-14 17:52:41'),
(31, 1, 2, '2019-12-14 17:52:41', '2019-12-14 17:52:41'),
(32, 4, 11, '2019-12-14 17:52:41', '2019-12-14 17:52:41'),
(33, 3, 95, '2019-12-14 17:52:41', '2019-12-14 17:52:41'),
(34, 4, 41, '2019-12-14 17:52:41', '2019-12-14 17:52:41'),
(35, 1, 17, '2019-12-14 17:52:41', '2019-12-14 17:52:41'),
(36, 3, 57, '2019-12-14 17:52:41', '2019-12-14 17:52:41'),
(37, 3, 55, '2019-12-14 17:52:41', '2019-12-14 17:52:41'),
(38, 1, 38, '2019-12-14 17:52:41', '2019-12-14 17:52:41'),
(39, 1, 84, '2019-12-14 17:52:41', '2019-12-14 17:52:41'),
(40, 3, 19, '2019-12-14 17:52:41', '2019-12-14 17:52:41'),
(41, 2, 97, '2019-12-14 17:52:41', '2019-12-14 17:52:41'),
(42, 2, 29, '2019-12-14 17:52:41', '2019-12-14 17:52:41'),
(43, 4, 92, '2019-12-14 17:52:41', '2019-12-14 17:52:41'),
(44, 3, 22, '2019-12-14 17:52:41', '2019-12-14 17:52:41'),
(45, 2, 92, '2019-12-14 17:52:41', '2019-12-14 17:52:41'),
(46, 3, 91, '2019-12-14 17:52:41', '2019-12-14 17:52:41'),
(47, 3, 23, '2019-12-14 17:52:41', '2019-12-14 17:52:41'),
(48, 3, 43, '2019-12-14 17:52:41', '2019-12-14 17:52:41'),
(49, 1, 24, '2019-12-14 17:52:41', '2019-12-14 17:52:41'),
(50, 4, 48, '2019-12-14 17:52:41', '2019-12-14 17:52:41'),
(51, 3, 97, '2019-12-14 17:52:41', '2019-12-14 17:52:41'),
(52, 3, 57, '2019-12-14 17:52:41', '2019-12-14 17:52:41'),
(53, 3, 61, '2019-12-14 17:52:41', '2019-12-14 17:52:41'),
(54, 2, 40, '2019-12-14 17:52:41', '2019-12-14 17:52:41'),
(55, 3, 78, '2019-12-14 17:52:42', '2019-12-14 17:52:42'),
(56, 3, 23, '2019-12-14 17:52:42', '2019-12-14 17:52:42'),
(57, 4, 8, '2019-12-14 17:52:42', '2019-12-14 17:52:42'),
(58, 1, 34, '2019-12-14 17:52:42', '2019-12-14 17:52:42'),
(59, 2, 100, '2019-12-14 17:52:42', '2019-12-14 17:52:42'),
(60, 4, 3, '2019-12-14 17:52:42', '2019-12-14 17:52:42'),
(61, 3, 55, '2019-12-14 17:52:42', '2019-12-14 17:52:42'),
(62, 1, 43, '2019-12-14 17:52:42', '2019-12-14 17:52:42'),
(63, 3, 20, '2019-12-14 17:52:42', '2019-12-14 17:52:42'),
(64, 1, 30, '2019-12-14 17:52:42', '2019-12-14 17:52:42'),
(65, 3, 16, '2019-12-14 17:52:42', '2019-12-14 17:52:42'),
(66, 1, 11, '2019-12-14 17:52:42', '2019-12-14 17:52:42'),
(67, 4, 9, '2019-12-14 17:52:42', '2019-12-14 17:52:42'),
(68, 1, 46, '2019-12-14 17:52:42', '2019-12-14 17:52:42'),
(69, 1, 54, '2019-12-14 17:52:42', '2019-12-14 17:52:42'),
(70, 2, 39, '2019-12-14 17:52:42', '2019-12-14 17:52:42');

-- --------------------------------------------------------

--
-- Estructura de tabla para la tabla `request_statuses`
--

CREATE TABLE `request_statuses` (
  `id` int(10) UNSIGNED NOT NULL,
  `request_status_name` varchar(30) COLLATE utf8mb4_unicode_ci NOT NULL,
  `created_at` timestamp NULL DEFAULT NULL,
  `updated_at` timestamp NULL DEFAULT NULL
) ENGINE=InnoDB DEFAULT CHARSET=utf8mb4 COLLATE=utf8mb4_unicode_ci;

--
-- Volcado de datos para la tabla `request_statuses`
--

INSERT INTO `request_statuses` (`id`, `request_status_name`, `created_at`, `updated_at`) VALUES
(1, 'En Espera', '2019-12-14 17:52:13', '2019-12-14 17:52:13'),
(2, 'En Revisi칩n', '2019-12-14 17:52:13', '2019-12-14 17:52:13'),
(3, 'Firma Faltante', '2019-12-14 17:52:13', '2019-12-14 17:52:13'),
(4, 'Disponible', '2019-12-14 17:52:13', '2019-12-14 17:52:13');

-- --------------------------------------------------------

--
-- Estructura de tabla para la tabla `role_users`
--

CREATE TABLE `role_users` (
  `id` int(10) UNSIGNED NOT NULL,
  `rol_user_name` varchar(45) COLLATE utf8mb4_unicode_ci NOT NULL,
  `create` tinyint(1) NOT NULL,
  `update` tinyint(1) NOT NULL,
  `read` tinyint(1) NOT NULL,
  `disable` tinyint(1) NOT NULL,
  `created_at` timestamp NULL DEFAULT NULL,
  `updated_at` timestamp NULL DEFAULT NULL
) ENGINE=InnoDB DEFAULT CHARSET=utf8mb4 COLLATE=utf8mb4_unicode_ci;

--
-- Volcado de datos para la tabla `role_users`
--

INSERT INTO `role_users` (`id`, `rol_user_name`, `create`, `update`, `read`, `disable`, `created_at`, `updated_at`) VALUES
(1, 'Admin Controller', 1, 1, 1, 1, '2019-12-14 17:52:25', '2019-12-14 17:52:25'),
(2, 'Funcionario', 1, 0, 1, 0, '2019-12-14 17:52:26', '2019-12-14 17:52:26');

-- --------------------------------------------------------

--
-- Estructura de tabla para la tabla `users`
--

CREATE TABLE `users` (
  `id` int(10) UNSIGNED NOT NULL,
  `username` varchar(255) COLLATE utf8mb4_unicode_ci NOT NULL,
  `names` varchar(45) COLLATE utf8mb4_unicode_ci NOT NULL,
  `lastnames` varchar(45) COLLATE utf8mb4_unicode_ci NOT NULL,
  `phone_number` varchar(20) COLLATE utf8mb4_unicode_ci NOT NULL,
  `document_number` varchar(20) COLLATE utf8mb4_unicode_ci NOT NULL,
  `user_photo` varchar(255) COLLATE utf8mb4_unicode_ci DEFAULT NULL,
  `email` varchar(255) COLLATE utf8mb4_unicode_ci NOT NULL,
  `email_verified_at` timestamp NULL DEFAULT NULL,
  `password` varchar(255) COLLATE utf8mb4_unicode_ci NOT NULL,
  `document_type_id` int(10) UNSIGNED NOT NULL,
  `role_user_id` int(10) UNSIGNED NOT NULL,
  `institution_id` int(10) UNSIGNED NOT NULL,
  `city_id` int(10) UNSIGNED NOT NULL,
  `gender_id` int(10) UNSIGNED NOT NULL,
  `remember_token` varchar(100) COLLATE utf8mb4_unicode_ci DEFAULT NULL,
  `created_at` timestamp NULL DEFAULT NULL,
  `updated_at` timestamp NULL DEFAULT NULL
) ENGINE=InnoDB DEFAULT CHARSET=utf8mb4 COLLATE=utf8mb4_unicode_ci;

--
-- Volcado de datos para la tabla `users`
--

INSERT INTO `users` (`id`, `username`, `names`, `lastnames`, `phone_number`, `document_number`, `user_photo`, `email`, `email_verified_at`, `password`, `document_type_id`, `role_user_id`, `institution_id`, `city_id`, `gender_id`, `remember_token`, `created_at`, `updated_at`) VALUES
(1, 'Cornell Feeney', 'Cornell Monserrat', 'Feeney', '630-737359', '28494954R', 'tmp/photo_profile/$2y$10$BLVyx8uew0Jb4/o/8Va/GeveV4mYXiFHt51IEZa9wm18BiYt88Fta.jpg', 'cmfeeney1@misena.edu.co', NULL, '$2y$10$Fknuz3Thy2SNWZbrLgRl/OOTr0luXbUvqT4LgUh9nCvOcM8MEQ2Re', 4, 2, 1, 109, 3, NULL, '2019-12-14 17:52:26', '2019-12-14 17:52:26'),
(2, 'Elmo Weimann', 'Elmo Karli', 'Weimann', '651592066', '76518412B', 'tmp/photo_profile/$2y$10$rrXPlRcCvVDZxAUN72SOxeLcrsiit.jHxEUFbglo0aOtaB1lyvwhm.jpg', 'ekweimann11@misena.edu.co', NULL, '$2y$10$Rz3dv9jw2yUW145PyzbImubabC5h7/lvJmB5MYwBIIvXitiYwMgkO', 3, 1, 7, 119, 2, NULL, '2019-12-14 17:52:26', '2019-12-14 17:52:26'),
(3, 'Pascale Boehm', 'Pascale Allen', 'Boehm', '+34 645-778212', '37231677J', 'tmp/photo_profile/$2y$10$WIQs8POajRZe.fjl0feQuOLDPCivV9o1ZbkRYsKXhwlprNiHSEYxe.jpg', 'paboehm1@misena.edu.co', NULL, '$2y$10$/rz43Fh5qTWtCgqYKgVTV.ifkXlZwbbTHQ5/Aq7NqAmwU6k734UzC', 4, 2, 7, 63, 3, NULL, '2019-12-14 17:52:26', '2019-12-14 17:52:26'),
(4, 'Gerda Will', 'Gerda Michelle', 'Will', '+34 632231707', '48085018E', 'tmp/photo_profile/$2y$10$LyQufHrdqtkz3agv9Dd0Jup4WcVObRoWzaxV2wKD5stXKTKYgEBlq.jpg', 'gmwill8@misena.edu.co', NULL, '$2y$10$bwzIl4dMaq8AJGhNMEbs/eInG9qw9RTkA3wpvp/JICyulcTURQICy', 3, 1, 5, 127, 2, NULL, '2019-12-14 17:52:27', '2019-12-14 17:52:27'),
(5, 'Jessica Ferry', 'Jessica Rowland', 'Ferry', '+34 698 751793', '50667536P', 'tmp/photo_profile/$2y$10$TvC/VpQ5A8CMPPMCbpa4k.7/.bR1K.Uk4C36tSSv2WFHlyycGQs6y.jpg', 'jrferry9@misena.edu.co', NULL, '$2y$10$vQLjTUimSKJ98E69qnXGYeaFu5bN6juVYfXq.hvq6GFT94wFT875C', 5, 1, 12, 199, 3, NULL, '2019-12-14 17:52:27', '2019-12-14 17:52:27'),
(6, 'Hardy McKenzie', 'Hardy Zane', 'McKenzie', '+34 611129279', '59749464H', 'tmp/photo_profile/$2y$10$qKaFofXy2EquNMzinDH.WeGCMyFzxB1gnNHgWPsVlXQUDayBmX7aO.jpg', 'hzmckenzie15@misena.edu.co', NULL, '$2y$10$mx0DnlnO6xdSlRC3pMvJuukwc06AMTYf8qlOqVHVRQcIp8pSYaUNm', 5, 1, 12, 162, 3, NULL, '2019-12-14 17:52:27', '2019-12-14 17:52:27'),
(7, 'Enos Fay', 'Enos Tracey', 'Fay', '637-059091', '02168298L', 'tmp/photo_profile/$2y$10$XtVqd8k9QDMLfYjjZJNg5.cjcz.d2AXyVTMIRd3WdU9AxviX0B5hC.jpg', 'etfay16@misena.edu.co', NULL, '$2y$10$khLO/O5KFt0hyyKZF5Ih6u9GS54J8PU2yuZfo/V59FD6lidUGEy4q', 2, 2, 5, 9, 2, NULL, '2019-12-14 17:52:27', '2019-12-14 17:52:27'),
(8, 'Jermey Gutkowski', 'Jermey Hobart', 'Gutkowski', '647 761348', '11747326F', 'tmp/photo_profile/$2y$10$WNmLcLV4uCJeZ1U9R8ggPeZRdhzU2aLr6fzZaNGhfad/ipvBnZcoW.jpg', 'jhgutkowski18@misena.edu.co', NULL, '$2y$10$hPb4Y8jKH4ORHUZ4lrMHXeYVh1ppoau36eGD3/p4nu2oSV0OiK0PC', 1, 1, 2, 189, 2, NULL, '2019-12-14 17:52:27', '2019-12-14 17:52:27'),
(9, 'Mattie Altenwerth', 'Mattie Cordell', 'Altenwerth', '694 63 1914', '51746720D', 'tmp/photo_profile/$2y$10$yTRJZEpWS8mv60QYxpLbEufLwgz/1tK.NrC.Cp8KZuUF5bLKCOfa2.jpg', 'mcaltenwerth9@misena.edu.co', NULL, '$2y$10$voXdVp45gsChZklu85BXrOU5KoiOkvFZBqmGrMPw4yw7FBnVJtrxW', 2, 2, 13, 138, 2, NULL, '2019-12-14 17:52:27', '2019-12-14 17:52:27'),
(10, 'Mireille Smith', 'Mireille Presley', 'Smith', '623 39 1134', '02141626G', 'tmp/photo_profile/$2y$10$xIoN1tHord5n0THZo4VgweidfqJ1jMIgwfIMfenrrYRHSuzQJVZSW.jpg', 'mpsmith6@misena.edu.co', NULL, '$2y$10$v3p8ozUBqEyHYMdA5PnaUuqB8HSGdZ2/M7C1n1RGC/wdcd5na01jq', 5, 2, 7, 20, 1, NULL, '2019-12-14 17:52:28', '2019-12-14 17:52:28'),
(11, 'Maximillian Auer', 'Maximillian Rachel', 'Auer', '+34 699-25-5833', '67187374G', 'tmp/photo_profile/$2y$10$MnQezImSrYneDSHehme1P.azJVkIZZh9nKvnTTpCjd85nTb7oCd7S.jpg', 'mrauer8@misena.edu.co', NULL, '$2y$10$jsFKbMcaspW5uCjAsyEmhu3jMs14W7LgNtSqO2N57Kje.W0y3vjX6', 1, 2, 6, 57, 3, NULL, '2019-12-14 17:52:28', '2019-12-14 17:52:28'),
(12, 'Marlin Kautzer', 'Marlin Yesenia', 'Kautzer', '675 320034', '47319672R', 'tmp/photo_profile/$2y$10$HUrv4b5hYCXY0rr8aCxynO9V6CBb8mo.hOpZLM5cWN30O5new287O.jpg', 'mykautzer9@misena.edu.co', NULL, '$2y$10$u5QL0YJRLU5Y8xFIR4Tppeu0aOBTTStIwbmSFhTy6NEI0JWWEwSNO', 5, 2, 10, 200, 1, NULL, '2019-12-14 17:52:28', '2019-12-14 17:52:28'),
(13, 'Cassandre Hagenes', 'Cassandre Felicia', 'Hagenes', '659-836129', '09324800W', 'tmp/photo_profile/$2y$10$zgYkmi79RnrV7Gacg56AHOTsdARpz/yJTCBihtyXZ51FucjE206T..jpg', 'cfhagenes1@misena.edu.co', NULL, '$2y$10$tSvNCElogq9nYUeCl6WlSOVPf2099M0E1zL0KNOwfdNvuzADa2lQy', 1, 1, 12, 109, 2, NULL, '2019-12-14 17:52:28', '2019-12-14 17:52:28'),
(14, 'Earnestine Toy', 'Earnestine Janet', 'Toy', '604363431', '98379361N', 'tmp/photo_profile/$2y$10$3XTi6eUnAHpaYteITdUBxug4P5xlNL87WZnyapWakXxhzI4jGSDE6.jpg', 'ejtoy16@misena.edu.co', NULL, '$2y$10$/GyWoj.ZYt2RcTtWrsDHN.oc6WZRQwu9Wzx1ptcXuVkbg1LBFu5qC', 1, 2, 10, 114, 2, NULL, '2019-12-14 17:52:28', '2019-12-14 17:52:28'),
(15, 'Ari Dietrich', 'Ari Gia', 'Dietrich', '657070447', '30384400C', 'tmp/photo_profile/$2y$10$xNEv25k2oU7CyE3K27/vG.faWE0XxysJaKwHa0E8hsdGScHrujELS.jpg', 'agdietrich16@misena.edu.co', NULL, '$2y$10$MPj3lTiO.U62bGYb5JtZt.LeGhLo91K0jQhNu9d/OxsTNghUJm7GS', 4, 2, 9, 23, 2, NULL, '2019-12-14 17:52:29', '2019-12-14 17:52:29'),
(16, 'Nichole Boehm', 'Nichole Clement', 'Boehm', '+34 660-412530', '63961805R', 'tmp/photo_profile/$2y$10$BKERFkpTa361YIe8wQGrQOniVOGu4eeNgAmmQfDDshcwEbbM01DmG.jpg', 'ncboehm18@misena.edu.co', NULL, '$2y$10$HhspyYTKiqk26Y1evEszkOttKsAbVSZ8QqufLkUc.M4FtoL7K2lma', 4, 2, 5, 182, 2, NULL, '2019-12-14 17:52:29', '2019-12-14 17:52:29'),
(17, 'Ada Effertz', 'Ada Arden', 'Effertz', '675-176647', '39691579L', 'tmp/photo_profile/$2y$10$foVFhNAQVHx6CnV7v4ZLaujEeToiAoIOULqq44hXAINMx2GZS2wKK.jpg', 'aaeffertz15@misena.edu.co', NULL, '$2y$10$q/V1rge7JvzvtFCsQpR8fOwiKMOPVue/EJqAye/HeXxjfhaMYOqAO', 3, 2, 7, 132, 3, NULL, '2019-12-14 17:52:29', '2019-12-14 17:52:29'),
(18, 'Maddison Hayes', 'Maddison Jocelyn', 'Hayes', '676 573507', '67995580J', 'tmp/photo_profile/$2y$10$mUW8Jj4RaO4Fo2XY6k6UxuIuFw5irV5h4StFC0HHqBjeHqqVkGTSK.jpg', 'mjhayes5@misena.edu.co', NULL, '$2y$10$Fn6PEufcpnr2.t1OnFAveOckI9SmF34soTZVsm4N.XhfM24DgF0VS', 3, 1, 9, 80, 2, NULL, '2019-12-14 17:52:29', '2019-12-14 17:52:29'),
(19, 'Alexa Ebert', 'Alexa Anya', 'Ebert', '693768073', '66421066X', 'tmp/photo_profile/$2y$10$F54g8eDj.8J1/Q1jX828R.rw0ijU8.z44uViNyDIzsFcevreati.u.jpg', 'aaebert8@misena.edu.co', NULL, '$2y$10$vxYCaAAv4UAnOTFZEK62vukDJeYeWWodVum3fL923O.m7K4IukVta', 2, 2, 9, 157, 3, NULL, '2019-12-14 17:52:29', '2019-12-14 17:52:29'),
(20, 'Gunnar Prohaska', 'Gunnar Rickie', 'Prohaska', '+34 688-46-8344', '07662721H', 'tmp/photo_profile/$2y$10$q7ulUTJbCNfDXM66aAY86ucoFODBBb9AeQWBpjvn5sF24YnJGjsTO.jpg', 'grprohaska12@misena.edu.co', NULL, '$2y$10$kQNB2OfirAHa4vOHxxkkkeQRjEET00nYD3oKEvmGe2BEj0F1UXy8O', 3, 2, 4, 49, 2, NULL, '2019-12-14 17:52:30', '2019-12-14 17:52:30'),
(21, 'Gerardo Heller', 'Gerardo Sidney', 'Heller', '642 495272', '74768420C', 'tmp/photo_profile/$2y$10$C.SQYvoM/NiuF0Bkw5wzzOwy7ZiWZbY8PvbmIA962tKDNSlGnDxju.jpg', 'gsheller2@misena.edu.co', NULL, '$2y$10$0nyPGNNn8auSL8YsXzYgfebKcmnI7oDbqpN0jw6V03dNJ3SDKBYhu', 3, 2, 6, 189, 2, NULL, '2019-12-14 17:52:30', '2019-12-14 17:52:30'),
(22, 'Wilfred Gleason', 'Wilfred Miller', 'Gleason', '+34 684-01-0700', '68265994Q', 'tmp/photo_profile/$2y$10$hbiMKb83QhSCt69fn2wEFO7vgj483W9p8UPlitvEha4wk2ep0YDkm.jpg', 'wmgleason18@misena.edu.co', NULL, '$2y$10$0vRdLp5ghFVhBsWwD4Zn1O4P0JtvnCWrYMK8xYZEW/n2uLx7wRRle', 3, 2, 13, 164, 1, NULL, '2019-12-14 17:52:30', '2019-12-14 17:52:30'),
(23, 'Ruben Bernier', 'Ruben Garnet', 'Bernier', '660 523518', '03670546E', 'tmp/photo_profile/$2y$10$QWcAbCIIBLrQLIgKrHDdoe4HgZfeua7U9a5Fg/YX/UILVnskx0df..jpg', 'rgbernier15@misena.edu.co', NULL, '$2y$10$MF.1n9t09tJXfteCW.H3muHCr77CXeHBwx1Udexe40yfgUhgmd5m6', 4, 1, 13, 11, 1, NULL, '2019-12-14 17:52:30', '2019-12-14 17:52:30'),
(24, 'Alden Spencer', 'Alden Benjamin', 'Spencer', '+34 684-61-5478', '01216542A', 'tmp/photo_profile/$2y$10$lwneS6ZRQY7l9WVNLXli1OFgwXZlEQGCX24D.X.lILVUAsWGu3lw2.jpg', 'abspencer6@misena.edu.co', NULL, '$2y$10$MweQTYYdlONqRDQx7bLhyugWKEKLG9VFJp0oLjPAkUtICiXMAp0BS', 1, 1, 11, 112, 2, NULL, '2019-12-14 17:52:30', '2019-12-14 17:52:30'),
(25, 'Chadd Bogan', 'Chadd Mckenna', 'Bogan', '+34 679 51 0952', '36538785L', 'tmp/photo_profile/$2y$10$mlxqQ8HM5YvWwbvbtWB7yeBOVAXOwHME/IyRFm5minvWzKvxyHqK6.jpg', 'cmbogan17@misena.edu.co', NULL, '$2y$10$oARowbEIZ2rlgxTebL/UVekM5dw2pc65TJP59ith7lHsKFv2VVAaK', 4, 1, 5, 42, 2, NULL, '2019-12-14 17:52:30', '2019-12-14 17:52:30'),
(26, 'Madaline Jenkins', 'Madaline Rory', 'Jenkins', '+34 693 240602', '56852273E', 'tmp/photo_profile/$2y$10$BYA1QqFEzMSDYwqDjBONF.6dVSvV0EA56YJBvwKFG3CZldyHWK5EW.jpg', 'mrjenkins14@misena.edu.co', NULL, '$2y$10$VXj4yOT.jzrz5uU4Ug/0.e1bn2nvyqEbcbGjcgsCAqHvjxqXvmcfK', 2, 1, 6, 182, 2, NULL, '2019-12-14 17:52:30', '2019-12-14 17:52:30'),
(27, 'Julianne Wisoky', 'Julianne Astrid', 'Wisoky', '606-87-2773', '71494574V', 'tmp/photo_profile/$2y$10$svaICfZ.1J66S9MumBi/JupYxGlOPP/YkADnx/nOktAt8JJIMSE8C.jpg', 'jawisoky17@misena.edu.co', NULL, '$2y$10$fGM9gMDuALyZEaWXXYWUC.RLN2pynvOGzgX29YHVsMFpCq7TRz.2m', 5, 2, 5, 112, 3, NULL, '2019-12-14 17:52:31', '2019-12-14 17:52:31'),
(28, 'Darron Hirthe', 'Darron Judson', 'Hirthe', '+34 675-928169', '55571724K', 'tmp/photo_profile/$2y$10$.RFjJtfr2.FivyqBLpSp.u0txfnp9epjEAeOr2w6QfA/miDuJv0ky.jpg', 'djhirthe9@misena.edu.co', NULL, '$2y$10$UOny1kPeEvvZOa4TPDQuGOZydRABmeMRCeLU3HCXomaHc08q7gTtu', 5, 1, 13, 116, 2, NULL, '2019-12-14 17:52:31', '2019-12-14 17:52:31'),
(29, 'Dangelo Koelpin', 'Dangelo Bobbie', 'Koelpin', '683 890516', '94166250H', 'tmp/photo_profile/$2y$10$.wcmNMgjBs2mXsHu4iuWB.wFXGKAgAw.0kw7yu1ylK95KsSfFQL6W.jpg', 'dbkoelpin15@misena.edu.co', NULL, '$2y$10$N4q5YcFb0oQV8NedshMVmehcf86HfTMPqIZOZPQvhyvy2xhOHZeBe', 2, 2, 14, 75, 3, NULL, '2019-12-14 17:52:31', '2019-12-14 17:52:31'),
(30, 'Desiree Bednar', 'Desiree Dax', 'Bednar', '+34 609-469280', '32665365Y', 'tmp/photo_profile/$2y$10$QrL7qZioi/2QL20.ix.85uitD9A8yPTKY.UkSUY1TJjSPJh5zFPkO.jpg', 'ddbednar10@misena.edu.co', NULL, '$2y$10$9xTLOTFrW9SlNEkFwGzgkO1eehQwxIuWIFpGH59A8P31vLTZg6oNq', 4, 2, 7, 198, 2, NULL, '2019-12-14 17:52:32', '2019-12-14 17:52:32'),
(31, 'Rahsaan Renner', 'Rahsaan Ashton', 'Renner', '636 61 0931', '59506048B', 'tmp/photo_profile/$2y$10$wVoTJcPxtTcmIdZb/NrOIeVsbuZJ3vpMBZxSC0zY/ZblRxotCaXKC.jpg', 'rarenner15@misena.edu.co', NULL, '$2y$10$qySukjYgaYziv.NXrHCBfeW.gJi/vsypjyzMg06V4sjtssC9VaXhG', 2, 1, 1, 190, 2, NULL, '2019-12-14 17:52:32', '2019-12-14 17:52:32'),
(32, 'Ruthe Russel', 'Ruthe Jamar', 'Russel', '619-783806', '96683492W', 'tmp/photo_profile/$2y$10$L18RxTi4aVcdMRrupal/oOuwjCEUlptzWMiN6tL7whnzSBHojSZf2.jpg', 'rjrussel10@misena.edu.co', NULL, '$2y$10$KLTYyo5twPNDv8FPuqBCDOImYr.5fieX5SAM.Ria.78MlIHQ8OrRy', 1, 1, 9, 110, 2, NULL, '2019-12-14 17:52:32', '2019-12-14 17:52:32'),
(33, 'Domenic Koelpin', 'Domenic Hailey', 'Koelpin', '+34 633 547825', '59064610N', 'tmp/photo_profile/$2y$10$WOhPWYpeH3mAlQh5dl5CjefLehBFOzIAiohsmBc5Fn0GntNHsW2b..jpg', 'dhkoelpin18@misena.edu.co', NULL, '$2y$10$KiUDkVIlAOQocmiKIkgmhODbDKFWAibsKSBPyqhIDbhNn2E5/Cp/y', 2, 1, 12, 118, 1, NULL, '2019-12-14 17:52:32', '2019-12-14 17:52:32'),
(34, 'Chester Renner', 'Chester Abdullah', 'Renner', '620596323', '71041890L', 'tmp/photo_profile/$2y$10$M9avo4zMNECyPJl.xDlMVOIiqbMjuLPj982NlPeL3TXuiKcgpJ33u.jpg', 'carenner8@misena.edu.co', NULL, '$2y$10$a1ECOEkYmCyAiOQVpUpN/OXoo6kx7WcTxWgRatuyTWjVCGw2yYOUi', 5, 2, 8, 142, 3, NULL, '2019-12-14 17:52:33', '2019-12-14 17:52:33'),
(35, 'Maximillian Hills', 'Maximillian Osvaldo', 'Hills', '653-77-2723', '65416402D', 'tmp/photo_profile/$2y$10$VpFblzeRUmp7FE2WofeePOCK/vekfhRPic8bwW75OiS9ZNFSLsfri.jpg', 'mohills19@misena.edu.co', NULL, '$2y$10$MeBRn289WuOVSO4As9CVheiJY9.TGvOJa8J7fFJLsmD1ViCIsDDzK', 1, 1, 10, 63, 1, NULL, '2019-12-14 17:52:33', '2019-12-14 17:52:33'),
(36, 'Raquel Wiza', 'Raquel Heidi', 'Wiza', '+34 687-477535', '91864124P', 'tmp/photo_profile/$2y$10$wMBPlWVZ3Zj2zJGtGPxvbeDZJsp9ei1I2vk9YxhRZfR1vSsDJQ2tS.jpg', 'rhwiza12@misena.edu.co', NULL, '$2y$10$ZczdQFpSC9Enf2GxtlMl6O4owp5c1vpNR0h0v6OCMNp.YLur4vrea', 3, 2, 4, 107, 1, NULL, '2019-12-14 17:52:33', '2019-12-14 17:52:33'),
(37, 'Quincy Haley', 'Quincy Aditya', 'Haley', '+34 697646638', '49922098T', 'tmp/photo_profile/$2y$10$twOQ/Do4jTSU.s6kOXnfcO1uhv5ocUmMkEM2Ay27RM1Fy53oy53Ti.jpg', 'qahaley13@misena.edu.co', NULL, '$2y$10$Oc/H1iG7HeGlyPaumRqFOuDoIHEksk1kVJ.4uu/DlfhjfyXBI.G2a', 3, 1, 13, 48, 3, NULL, '2019-12-14 17:52:33', '2019-12-14 17:52:33'),
(38, 'Reynold Reichert', 'Reynold Katrine', 'Reichert', '+34 635-509927', '69178322A', 'tmp/photo_profile/$2y$10$8UyV3kqUlT87plXfLQldDOCy4M5yYhVhaB7Skcseps60bz28Lfg0u.jpg', 'rkreichert10@misena.edu.co', NULL, '$2y$10$Bsg.KUpRPWyOaxZ8mxXrouWsj.DdEK2uUGqAs6PRU65yn3sdTo3aC', 4, 1, 14, 81, 1, NULL, '2019-12-14 17:52:33', '2019-12-14 17:52:33'),
(39, 'Velda Schneider', 'Velda Myrtice', 'Schneider', '+34 678 378152', '81267147M', 'tmp/photo_profile/$2y$10$hcdGUvvJlZ4ibOCQqJ3zTeceWGkJj2TX2JNCW8b9YThU6U02PjCX2.jpg', 'vmschneider1@misena.edu.co', NULL, '$2y$10$RmiBz0pWW8p7yLC2rVBeLO4dboDHnfluoClESjA0EOy.GSHUQRdyC', 1, 1, 5, 197, 2, NULL, '2019-12-14 17:52:33', '2019-12-14 17:52:33'),
(40, 'Berta Hagenes', 'Berta Tanya', 'Hagenes', '654-346567', '96348345B', 'tmp/photo_profile/$2y$10$j4UJHv.GDOBfOkNcOkTbOOIwJL2hUqjsxRgB0gWinj1yy55j190nW.jpg', 'bthagenes6@misena.edu.co', NULL, '$2y$10$t/3c/BexyyZ.SB7C0ObUvejy6XWAM4pTqDLPcTkKJh8P2LNdwpxr2', 3, 2, 9, 179, 3, NULL, '2019-12-14 17:52:34', '2019-12-14 17:52:34'),
(41, 'Cydney McCullough', 'Cydney Dora', 'McCullough', '696 34 5577', '62162907W', 'tmp/photo_profile/$2y$10$cs7raHOC5w68GyzifC7QjO/mDR7DulRnFX/xm9TUzZeFbq.fhWmeK.jpg', 'cdmccullough16@misena.edu.co', NULL, '$2y$10$RerGh.pyS017Lj2TFkqb/uVD7CCZpj0HXK05LIX9XvohSrkg6dQGW', 1, 1, 14, 126, 1, NULL, '2019-12-14 17:52:34', '2019-12-14 17:52:34'),
(42, 'Karine Hamill', 'Karine Susana', 'Hamill', '+34 653-305081', '69390498G', 'tmp/photo_profile/$2y$10$CRCLy5a4f.FoBo6F5wsFz.UHwYpIoQQ2dh6AKmeelGAgF0/xfeb0C.jpg', 'kshamill15@misena.edu.co', NULL, '$2y$10$dR.bcfCUgjFbFPJBhuDDq.8N7J1ZlC7xl7iIFUWyuSb90juQ4mHaa', 4, 2, 1, 132, 2, NULL, '2019-12-14 17:52:34', '2019-12-14 17:52:34'),
(43, 'Mercedes Rodriguez', 'Mercedes Ursula', 'Rodriguez', '659-796095', '56453504G', 'tmp/photo_profile/$2y$10$RhD44IiWBd2AcYJSbuWc8.HN2fUdc.qobJoSmsSJsSHJvI603dWYm.jpg', 'murodriguez13@misena.edu.co', NULL, '$2y$10$AI1pbVzew1vfktTPmD8AmOtIb62qcILd7W.jisI4qwkYpWEZBeuFa', 4, 2, 10, 60, 2, NULL, '2019-12-14 17:52:34', '2019-12-14 17:52:34'),
(44, 'Haylie Sanford', 'Haylie Zena', 'Sanford', '+34 694 81 2069', '81452410A', 'tmp/photo_profile/$2y$10$.HioacapFtiHZmkI.r3D9u6ZwfAPXFsLlF/uXGUmjJFkH5O9ox1rW.jpg', 'hzsanford12@misena.edu.co', NULL, '$2y$10$bQ4Y0eEm4AgzchfYLnUrOOi24easNR8rkfLfSLJw5jGo2YIXdlsiq', 5, 1, 13, 172, 1, NULL, '2019-12-14 17:52:34', '2019-12-14 17:52:34'),
(45, 'Ciara Reichert', 'Ciara Allie', 'Reichert', '+34 653 673251', '83078023E', 'tmp/photo_profile/$2y$10$qLjC7gD3tY308CUTmUxPVuVLUFNc5ya2CSaQPxrcdPx3G54yDQRNW.jpg', 'careichert6@misena.edu.co', NULL, '$2y$10$s8Cn039oH4Nut3mUv5tKDeu0aEe73iQFTZYAd6.uHNPyveqlgnpSu', 2, 2, 13, 19, 1, NULL, '2019-12-14 17:52:34', '2019-12-14 17:52:34'),
(46, 'Amie Erdman', 'Amie Aditya', 'Erdman', '693-93-4706', '76070502A', 'tmp/photo_profile/$2y$10$17zgjsQSW6IqJmNDdHCAs.kn0cGx.sGiTWRSlOXf8hP9PaTk3hWPm.jpg', 'aaerdman13@misena.edu.co', NULL, '$2y$10$TB4rGSNhMY0zeF8A4lei6uSPaCfjJjap38C1V9Uz0/mj/BSDd9Xzu', 4, 2, 7, 114, 3, NULL, '2019-12-14 17:52:34', '2019-12-14 17:52:34'),
(47, 'Rupert Pfannerstill', 'Rupert Chelsey', 'Pfannerstill', '678-477696', '90832275P', 'tmp/photo_profile/$2y$10$ssonJwL0TqQ.3/GUIWJG6uIJVc3/pHAa9Ps2yJW7a08.00Py6OokW.jpg', 'rcpfannerstill8@misena.edu.co', NULL, '$2y$10$J.kz3KT.G.k1JckCjRcLSOcfeU6/g4PCA8xG.OBkTuM/5yovyJ1Vy', 4, 2, 1, 112, 1, NULL, '2019-12-14 17:52:35', '2019-12-14 17:52:35'),
(48, 'Amalia Lubowitz', 'Amalia Abigale', 'Lubowitz', '+34 664001874', '91119381M', 'tmp/photo_profile/$2y$10$/LonK19AoiCUKHCa/Um04uRIYM1JNF8tI4ywLKZB/rNQfO7zeCvPW.jpg', 'aalubowitz6@misena.edu.co', NULL, '$2y$10$XqlFwM7LKm2uSynLSGbUze1mVbw5a8r6IQJRQi01D/oZcEdVxsJdK', 4, 2, 2, 198, 2, NULL, '2019-12-14 17:52:35', '2019-12-14 17:52:35'),
(49, 'Jody Daugherty', 'Jody Alva', 'Daugherty', '628-627477', '35862039W', 'tmp/photo_profile/$2y$10$iepnD7B7tLjNrzL9tY1Jke7E6IfZUbtRQR/ycNHb3VA2RuoD2OIm2.jpg', 'jadaugherty4@misena.edu.co', NULL, '$2y$10$7pm52zYPh3xsoHQprJ5/8O5j5o3IbXAYsaeVMmB39BjAIFMA9VFem', 3, 1, 5, 88, 1, NULL, '2019-12-14 17:52:35', '2019-12-14 17:52:35'),
(50, 'Barney Daugherty', 'Barney Esther', 'Daugherty', '+34 645 93 1520', '90540528Q', 'tmp/photo_profile/$2y$10$Ym4C2t4YsPqdcDFkGmZONOHlSgYzd9NZ05bnfrFOSq7Gk8fDqy3a..jpg', 'bedaugherty3@misena.edu.co', NULL, '$2y$10$9qr5fQgi76cEPCF6QGEMJuqKVt.9w7Nzl/9ZFE/E/FTV.z43e2WzS', 3, 2, 4, 93, 3, NULL, '2019-12-14 17:52:35', '2019-12-14 17:52:35');

--
-- 칈ndices para tablas volcadas
--

--
-- Indices de la tabla `certificates`
--
ALTER TABLE `certificates`
  ADD PRIMARY KEY (`id`),
  ADD KEY `certificates_user_id_foreign` (`user_id`),
  ADD KEY `certificates_institution_id_foreign` (`institution_id`);

--
-- Indices de la tabla `cities`
--
ALTER TABLE `cities`
  ADD PRIMARY KEY (`id`),
  ADD KEY `cities_region_id_foreign` (`region_id`);

--
-- Indices de la tabla `contracts`
--
ALTER TABLE `contracts`
  ADD PRIMARY KEY (`id`),
  ADD UNIQUE KEY `contracts_number_contract_unique` (`number_contract`),
  ADD KEY `contracts_user_id_foreign` (`user_id`),
  ADD KEY `contracts_contract_type_id_foreign` (`contract_type_id`);

--
-- Indices de la tabla `contract_types`
--
ALTER TABLE `contract_types`
  ADD PRIMARY KEY (`id`),
  ADD UNIQUE KEY `contract_types_contract_code_unique` (`contract_code`);

--
-- Indices de la tabla `deputy_directors`
--
ALTER TABLE `deputy_directors`
  ADD PRIMARY KEY (`id`),
  ADD UNIQUE KEY `deputy_directors_email_unique` (`email`),
  ADD UNIQUE KEY `deputy_directors_document_number_unique` (`document_number`),
  ADD KEY `deputy_directors_document_type_id_foreign` (`document_type_id`),
  ADD KEY `deputy_directors_gender_id_foreign` (`gender_id`);

--
-- Indices de la tabla `document_types`
--
ALTER TABLE `document_types`
  ADD PRIMARY KEY (`id`),
  ADD UNIQUE KEY `document_types_abbreviation_unique` (`abbreviation`);

--
-- Indices de la tabla `genders`
--
ALTER TABLE `genders`
  ADD PRIMARY KEY (`id`),
  ADD UNIQUE KEY `genders_abbreviation_unique` (`abbreviation`);

--
-- Indices de la tabla `institutions`
--
ALTER TABLE `institutions`
  ADD PRIMARY KEY (`id`),
  ADD UNIQUE KEY `institutions_nit_unique` (`nit`),
  ADD KEY `institutions_deputy_director_id_foreign` (`deputy_director_id`),
  ADD KEY `institutions_city_id_foreign` (`city_id`);

--
-- Indices de la tabla `migrations`
--
ALTER TABLE `migrations`
  ADD PRIMARY KEY (`id`);

--
-- Indices de la tabla `password_resets`
--
ALTER TABLE `password_resets`
  ADD KEY `password_resets_email_index` (`email`);

--
-- Indices de la tabla `regions`
--
ALTER TABLE `regions`
  ADD PRIMARY KEY (`id`),
  ADD UNIQUE KEY `regions_region_name_unique` (`region_name`);

--
-- Indices de la tabla `requests`
--
ALTER TABLE `requests`
  ADD PRIMARY KEY (`id`),
  ADD KEY `requests_certificate_id_foreign` (`certificate_id`),
  ADD KEY `requests_user_id_foreign` (`user_id`);

--
-- Indices de la tabla `request_histories`
--
ALTER TABLE `request_histories`
  ADD PRIMARY KEY (`id`),
  ADD KEY `request_histories_request_status_id_foreign` (`request_status_id`),
  ADD KEY `request_histories_request_id_foreign` (`request_id`);

--
-- Indices de la tabla `request_statuses`
--
ALTER TABLE `request_statuses`
  ADD PRIMARY KEY (`id`),
  ADD UNIQUE KEY `request_statuses_request_status_name_unique` (`request_status_name`);

--
-- Indices de la tabla `role_users`
--
ALTER TABLE `role_users`
  ADD PRIMARY KEY (`id`),
  ADD UNIQUE KEY `role_users_rol_user_name_unique` (`rol_user_name`);

--
-- Indices de la tabla `users`
--
ALTER TABLE `users`
  ADD PRIMARY KEY (`id`),
  ADD UNIQUE KEY `users_username_unique` (`username`),
  ADD UNIQUE KEY `users_document_number_unique` (`document_number`),
  ADD UNIQUE KEY `users_email_unique` (`email`),
  ADD KEY `users_document_type_id_foreign` (`document_type_id`),
  ADD KEY `users_role_user_id_foreign` (`role_user_id`),
  ADD KEY `users_institution_id_foreign` (`institution_id`),
  ADD KEY `users_city_id_foreign` (`city_id`),
  ADD KEY `users_gender_id_foreign` (`gender_id`);

--
-- AUTO_INCREMENT de las tablas volcadas
--

--
-- AUTO_INCREMENT de la tabla `certificates`
--
ALTER TABLE `certificates`
  MODIFY `id` int(10) UNSIGNED NOT NULL AUTO_INCREMENT, AUTO_INCREMENT=91;

--
-- AUTO_INCREMENT de la tabla `cities`
--
ALTER TABLE `cities`
  MODIFY `id` int(10) UNSIGNED NOT NULL AUTO_INCREMENT, AUTO_INCREMENT=202;

--
-- AUTO_INCREMENT de la tabla `contracts`
--
ALTER TABLE `contracts`
  MODIFY `id` int(10) UNSIGNED NOT NULL AUTO_INCREMENT, AUTO_INCREMENT=176;

--
-- AUTO_INCREMENT de la tabla `contract_types`
--
ALTER TABLE `contract_types`
  MODIFY `id` int(10) UNSIGNED NOT NULL AUTO_INCREMENT, AUTO_INCREMENT=8;

--
-- AUTO_INCREMENT de la tabla `deputy_directors`
--
ALTER TABLE `deputy_directors`
  MODIFY `id` int(10) UNSIGNED NOT NULL AUTO_INCREMENT, AUTO_INCREMENT=21;

--
-- AUTO_INCREMENT de la tabla `document_types`
--
ALTER TABLE `document_types`
  MODIFY `id` int(10) UNSIGNED NOT NULL AUTO_INCREMENT, AUTO_INCREMENT=6;

--
-- AUTO_INCREMENT de la tabla `genders`
--
ALTER TABLE `genders`
  MODIFY `id` int(10) UNSIGNED NOT NULL AUTO_INCREMENT, AUTO_INCREMENT=4;

--
-- AUTO_INCREMENT de la tabla `institutions`
--
ALTER TABLE `institutions`
  MODIFY `id` int(10) UNSIGNED NOT NULL AUTO_INCREMENT, AUTO_INCREMENT=15;

--
-- AUTO_INCREMENT de la tabla `migrations`
--
ALTER TABLE `migrations`
  MODIFY `id` int(10) UNSIGNED NOT NULL AUTO_INCREMENT, AUTO_INCREMENT=16;

--
-- AUTO_INCREMENT de la tabla `regions`
--
ALTER TABLE `regions`
  MODIFY `id` int(10) UNSIGNED NOT NULL AUTO_INCREMENT, AUTO_INCREMENT=7;

--
-- AUTO_INCREMENT de la tabla `requests`
--
ALTER TABLE `requests`
  MODIFY `id` int(10) UNSIGNED NOT NULL AUTO_INCREMENT, AUTO_INCREMENT=101;

--
-- AUTO_INCREMENT de la tabla `request_histories`
--
ALTER TABLE `request_histories`
  MODIFY `id` int(10) UNSIGNED NOT NULL AUTO_INCREMENT, AUTO_INCREMENT=71;

--
-- AUTO_INCREMENT de la tabla `request_statuses`
--
ALTER TABLE `request_statuses`
  MODIFY `id` int(10) UNSIGNED NOT NULL AUTO_INCREMENT, AUTO_INCREMENT=5;

--
-- AUTO_INCREMENT de la tabla `role_users`
--
ALTER TABLE `role_users`
  MODIFY `id` int(10) UNSIGNED NOT NULL AUTO_INCREMENT, AUTO_INCREMENT=3;

--
-- AUTO_INCREMENT de la tabla `users`
--
ALTER TABLE `users`
  MODIFY `id` int(10) UNSIGNED NOT NULL AUTO_INCREMENT, AUTO_INCREMENT=51;

--
-- Restricciones para tablas volcadas
--

--
-- Filtros para la tabla `certificates`
--
ALTER TABLE `certificates`
  ADD CONSTRAINT `certificates_institution_id_foreign` FOREIGN KEY (`institution_id`) REFERENCES `institutions` (`id`),
  ADD CONSTRAINT `certificates_user_id_foreign` FOREIGN KEY (`user_id`) REFERENCES `users` (`id`);

--
-- Filtros para la tabla `cities`
--
ALTER TABLE `cities`
  ADD CONSTRAINT `cities_region_id_foreign` FOREIGN KEY (`region_id`) REFERENCES `regions` (`id`);

--
-- Filtros para la tabla `contracts`
--
ALTER TABLE `contracts`
  ADD CONSTRAINT `contracts_contract_type_id_foreign` FOREIGN KEY (`contract_type_id`) REFERENCES `contract_types` (`id`),
  ADD CONSTRAINT `contracts_user_id_foreign` FOREIGN KEY (`user_id`) REFERENCES `users` (`id`);

--
-- Filtros para la tabla `deputy_directors`
--
ALTER TABLE `deputy_directors`
  ADD CONSTRAINT `deputy_directors_document_type_id_foreign` FOREIGN KEY (`document_type_id`) REFERENCES `document_types` (`id`),
  ADD CONSTRAINT `deputy_directors_gender_id_foreign` FOREIGN KEY (`gender_id`) REFERENCES `genders` (`id`);

--
-- Filtros para la tabla `institutions`
--
ALTER TABLE `institutions`
  ADD CONSTRAINT `institutions_city_id_foreign` FOREIGN KEY (`city_id`) REFERENCES `cities` (`id`),
  ADD CONSTRAINT `institutions_deputy_director_id_foreign` FOREIGN KEY (`deputy_director_id`) REFERENCES `deputy_directors` (`id`);

--
-- Filtros para la tabla `requests`
--
ALTER TABLE `requests`
  ADD CONSTRAINT `requests_certificate_id_foreign` FOREIGN KEY (`certificate_id`) REFERENCES `certificates` (`id`),
  ADD CONSTRAINT `requests_user_id_foreign` FOREIGN KEY (`user_id`) REFERENCES `users` (`id`);

--
-- Filtros para la tabla `request_histories`
--
ALTER TABLE `request_histories`
  ADD CONSTRAINT `request_histories_request_id_foreign` FOREIGN KEY (`request_id`) REFERENCES `requests` (`id`),
  ADD CONSTRAINT `request_histories_request_status_id_foreign` FOREIGN KEY (`request_status_id`) REFERENCES `request_statuses` (`id`);

--
-- Filtros para la tabla `users`
--
ALTER TABLE `users`
  ADD CONSTRAINT `users_city_id_foreign` FOREIGN KEY (`city_id`) REFERENCES `cities` (`id`),
  ADD CONSTRAINT `users_document_type_id_foreign` FOREIGN KEY (`document_type_id`) REFERENCES `document_types` (`id`),
  ADD CONSTRAINT `users_gender_id_foreign` FOREIGN KEY (`gender_id`) REFERENCES `genders` (`id`),
  ADD CONSTRAINT `users_institution_id_foreign` FOREIGN KEY (`institution_id`) REFERENCES `institutions` (`id`),
  ADD CONSTRAINT `users_role_user_id_foreign` FOREIGN KEY (`role_user_id`) REFERENCES `role_users` (`id`);
COMMIT;

/*!40101 SET CHARACTER_SET_CLIENT=@OLD_CHARACTER_SET_CLIENT */;
/*!40101 SET CHARACTER_SET_RESULTS=@OLD_CHARACTER_SET_RESULTS */;
/*!40101 SET COLLATION_CONNECTION=@OLD_COLLATION_CONNECTION */;
